article_index,section_name,group_name,item_name,item_chips,item_desc,item_stats,image_index,image_role,phase_index,phase_label,image_alt,image_title,image_path,image_url,duplicate_index,local_path,download_status
1,变异宝典,,月华,产出|月华宝荷,种植琉璃宝荷有概率出现,,1,effect_icon,,,月华,,extraRes/gui/texture/mutant/icon/moon.png,https://jsq.gptvip.chat/images/extraRes/gui/texture/mutant/icon/moon.png,1,变异宝典/月华/月华_00_变异图标.png,downloaded
2,变异宝典,,荷华,产出|荷花,种植荷风游记稀有种子有概率出现,,1,effect_icon,,,荷华,,extraRes/gui/texture/mutant/icon/lotus.png,https://jsq.gptvip.chat/images/extraRes/gui/texture/mutant/icon/lotus.png,1,变异宝典/荷华/荷华_00_变异图标.png,downloaded
3,变异宝典,,绵绵,产出|绵绵糖果,种植欢乐糖果有概率出现,,1,effect_icon,,,绵绵,,extraRes/gui/texture/mutant/icon/mian.png,https://jsq.gptvip.chat/images/extraRes/gui/texture/mutant/icon/mian.png,1,变异宝典/绵绵/绵绵_00_变异图标.png,downloaded
4,变异宝典,,哈哈,产出|哈哈小南瓜,种植本期活动稀有种子有概率出现,,1,effect_icon,,,哈哈,,extraRes/gui/texture/mutant/icon/haha.png,https://jsq.gptvip.chat/images/extraRes/gui/texture/mutant/icon/haha.png,1,变异宝典/哈哈/哈哈_00_变异图标.png,downloaded
5,变异宝典,,塔塔,产出|哈哈南瓜塔,种植哈哈南瓜有概率出现,,1,effect_icon,,,塔塔,,extraRes/gui/texture/mutant/icon/tata.png,https://jsq.gptvip.chat/images/extraRes/gui/texture/mutant/icon/tata.png,1,变异宝典/塔塔/塔塔_00_变异图标.png,downloaded
6,变异宝典,,黄金,产出|黄金果实,稀有作物生长过程中随机出现,,1,effect_icon,,,黄金,,extraRes/gui/texture/mutant/icon/golden.png,https://jsq.gptvip.chat/images/extraRes/gui/texture/mutant/icon/golden.png,1,变异宝典/黄金/黄金_00_变异图标.png,downloaded
7,变异宝典,,冰冻,售价|×3倍,作物生长过程中随机出现,,1,effect_icon,,,冰冻,,extraRes/gui/texture/mutant/icon/frozen.png,https://jsq.gptvip.chat/images/extraRes/gui/texture/mutant/icon/frozen.png,1,变异宝典/冰冻/冰冻_00_变异图标.png,downloaded
8,变异宝典,,爱心,数量|×3倍,作物生长过程中随机出现,,1,effect_icon,,,爱心,,extraRes/gui/texture/mutant/icon/love.png,https://jsq.gptvip.chat/images/extraRes/gui/texture/mutant/icon/love.png,1,变异宝典/爱心/爱心_00_变异图标.png,downloaded
9,变异宝典,,暗化,售价|×2倍,作物生长过程中随机出现,,1,effect_icon,,,暗化,,extraRes/gui/texture/mutant/icon/dark.png,https://jsq.gptvip.chat/images/extraRes/gui/texture/mutant/icon/dark.png,1,变异宝典/暗化/暗化_00_变异图标.png,downloaded
10,变异宝典,,湿润,数量|×2倍,作物生长过程中随机出现,,1,effect_icon,,,湿润,,extraRes/gui/texture/mutant/icon/moist.png,https://jsq.gptvip.chat/images/extraRes/gui/texture/mutant/icon/moist.png,1,变异宝典/湿润/湿润_00_变异图标.png,downloaded
11,超变图鉴,黄金果实,黄金·风信子,+40,卖给商人后，可以获得金豆豆。,基础经验:720 | 基础果实:10个 | 果实单价:— | 图鉴点数:40,1,main,,,黄金·风信子,,plant/model/v4/gold/Crop_112_6.png,https://jsq.gptvip.chat/images/plant/model/v4/gold/Crop_112_6.png,1,超变图鉴/黄金果实/黄金·风信子/黄金·风信子_00_主图.png,downloaded
11,超变图鉴,黄金果实,黄金·风信子,+40,卖给商人后，可以获得金豆豆。,基础经验:720 | 基础果实:10个 | 果实单价:— | 图鉴点数:40,2,phase,1,第1阶段,第1阶段,,plant/model/v4/gold/Crop_112_Seed.png,https://jsq.gptvip.chat/images/plant/model/v4/gold/Crop_112_Seed.png,1,超变图鉴/黄金果实/黄金·风信子/黄金·风信子_01_第1阶段.png,downloaded
11,超变图鉴,黄金果实,黄金·风信子,+40,卖给商人后，可以获得金豆豆。,基础经验:720 | 基础果实:10个 | 果实单价:— | 图鉴点数:40,3,phase,2,第2阶段,第2阶段,,plant/model/v4/gold/Crop_112_2.png,https://jsq.gptvip.chat/images/plant/model/v4/gold/Crop_112_2.png,2,超变图鉴/黄金果实/黄金·风信子/黄金·风信子_02_第2阶段.png,downloaded
11,超变图鉴,黄金果实,黄金·风信子,+40,卖给商人后，可以获得金豆豆。,基础经验:720 | 基础果实:10个 | 果实单价:— | 图鉴点数:40,4,phase,3,第3阶段,第3阶段,,plant/model/v4/gold/Crop_112_3.png,https://jsq.gptvip.chat/images/plant/model/v4/gold/Crop_112_3.png,3,超变图鉴/黄金果实/黄金·风信子/黄金·风信子_03_第3阶段.png,downloaded
11,超变图鉴,黄金果实,黄金·风信子,+40,卖给商人后，可以获得金豆豆。,基础经验:720 | 基础果实:10个 | 果实单价:— | 图鉴点数:40,5,phase,4,第4阶段,第4阶段,,plant/model/v4/gold/Crop_112_4.png,https://jsq.gptvip.chat/images/plant/model/v4/gold/Crop_112_4.png,4,超变图鉴/黄金果实/黄金·风信子/黄金·风信子_04_第4阶段.png,downloaded
11,超变图鉴,黄金果实,黄金·风信子,+40,卖给商人后，可以获得金豆豆。,基础经验:720 | 基础果实:10个 | 果实单价:— | 图鉴点数:40,6,phase,5,第5阶段,第5阶段,,plant/model/v4/gold/Crop_112_5.png,https://jsq.gptvip.chat/images/plant/model/v4/gold/Crop_112_5.png,5,超变图鉴/黄金果实/黄金·风信子/黄金·风信子_05_第5阶段.png,downloaded
11,超变图鉴,黄金果实,黄金·风信子,+40,卖给商人后，可以获得金豆豆。,基础经验:720 | 基础果实:10个 | 果实单价:— | 图鉴点数:40,7,phase,6,第6阶段,第6阶段,,plant/model/v4/gold/Crop_112_6.png,https://jsq.gptvip.chat/images/plant/model/v4/gold/Crop_112_6.png,6,超变图鉴/黄金果实/黄金·风信子/黄金·风信子_06_第6阶段.png,downloaded
12,超变图鉴,黄金果实,黄金·银杏树苗,+40,卖给商人后，可以获得金豆豆。,基础经验:720 | 基础果实:10个 | 果实单价:— | 图鉴点数:40,1,main,,,黄金·银杏树苗,,plant/model/v4/gold/Crop_25_6.png,https://jsq.gptvip.chat/images/plant/model/v4/gold/Crop_25_6.png,1,超变图鉴/黄金果实/黄金·银杏树苗/黄金·银杏树苗_00_主图.png,downloaded
12,超变图鉴,黄金果实,黄金·银杏树苗,+40,卖给商人后，可以获得金豆豆。,基础经验:720 | 基础果实:10个 | 果实单价:— | 图鉴点数:40,2,phase,1,第1阶段,第1阶段,,plant/model/v4/gold/Crop_25_Seed.png,https://jsq.gptvip.chat/images/plant/model/v4/gold/Crop_25_Seed.png,1,超变图鉴/黄金果实/黄金·银杏树苗/黄金·银杏树苗_01_第1阶段.png,downloaded
12,超变图鉴,黄金果实,黄金·银杏树苗,+40,卖给商人后，可以获得金豆豆。,基础经验:720 | 基础果实:10个 | 果实单价:— | 图鉴点数:40,3,phase,2,第2阶段,第2阶段,,plant/model/v4/gold/Crop_25_2.png,https://jsq.gptvip.chat/images/plant/model/v4/gold/Crop_25_2.png,2,超变图鉴/黄金果实/黄金·银杏树苗/黄金·银杏树苗_02_第2阶段.png,downloaded
12,超变图鉴,黄金果实,黄金·银杏树苗,+40,卖给商人后，可以获得金豆豆。,基础经验:720 | 基础果实:10个 | 果实单价:— | 图鉴点数:40,4,phase,3,第3阶段,第3阶段,,plant/model/v4/gold/Crop_25_3.png,https://jsq.gptvip.chat/images/plant/model/v4/gold/Crop_25_3.png,3,超变图鉴/黄金果实/黄金·银杏树苗/黄金·银杏树苗_03_第3阶段.png,downloaded
12,超变图鉴,黄金果实,黄金·银杏树苗,+40,卖给商人后，可以获得金豆豆。,基础经验:720 | 基础果实:10个 | 果实单价:— | 图鉴点数:40,5,phase,4,第4阶段,第4阶段,,plant/model/v4/gold/Crop_25_4.png,https://jsq.gptvip.chat/images/plant/model/v4/gold/Crop_25_4.png,4,超变图鉴/黄金果实/黄金·银杏树苗/黄金·银杏树苗_04_第4阶段.png,downloaded
12,超变图鉴,黄金果实,黄金·银杏树苗,+40,卖给商人后，可以获得金豆豆。,基础经验:720 | 基础果实:10个 | 果实单价:— | 图鉴点数:40,6,phase,5,第5阶段,第5阶段,,plant/model/v4/gold/Crop_25_5.png,https://jsq.gptvip.chat/images/plant/model/v4/gold/Crop_25_5.png,5,超变图鉴/黄金果实/黄金·银杏树苗/黄金·银杏树苗_05_第5阶段.png,downloaded
12,超变图鉴,黄金果实,黄金·银杏树苗,+40,卖给商人后，可以获得金豆豆。,基础经验:720 | 基础果实:10个 | 果实单价:— | 图鉴点数:40,7,phase,6,第6阶段,第6阶段,,plant/model/v4/gold/Crop_25_6.png,https://jsq.gptvip.chat/images/plant/model/v4/gold/Crop_25_6.png,6,超变图鉴/黄金果实/黄金·银杏树苗/黄金·银杏树苗_06_第6阶段.png,downloaded
13,超变图鉴,黄金果实,黄金·蔷薇,+40,卖给商人后，可以获得金豆豆。,基础经验:720 | 基础果实:10个 | 果实单价:— | 图鉴点数:40,1,main,,,黄金·蔷薇,,plant/model/v4/gold/Crop_121_6.png,https://jsq.gptvip.chat/images/plant/model/v4/gold/Crop_121_6.png,1,超变图鉴/黄金果实/黄金·蔷薇/黄金·蔷薇_00_主图.png,downloaded
13,超变图鉴,黄金果实,黄金·蔷薇,+40,卖给商人后，可以获得金豆豆。,基础经验:720 | 基础果实:10个 | 果实单价:— | 图鉴点数:40,2,phase,1,第1阶段,第1阶段,,plant/model/v4/gold/Crop_121_Seed.png,https://jsq.gptvip.chat/images/plant/model/v4/gold/Crop_121_Seed.png,1,超变图鉴/黄金果实/黄金·蔷薇/黄金·蔷薇_01_第1阶段.png,downloaded
13,超变图鉴,黄金果实,黄金·蔷薇,+40,卖给商人后，可以获得金豆豆。,基础经验:720 | 基础果实:10个 | 果实单价:— | 图鉴点数:40,3,phase,2,第2阶段,第2阶段,,plant/model/v4/gold/Crop_121_2.png,https://jsq.gptvip.chat/images/plant/model/v4/gold/Crop_121_2.png,2,超变图鉴/黄金果实/黄金·蔷薇/黄金·蔷薇_02_第2阶段.png,downloaded
13,超变图鉴,黄金果实,黄金·蔷薇,+40,卖给商人后，可以获得金豆豆。,基础经验:720 | 基础果实:10个 | 果实单价:— | 图鉴点数:40,4,phase,3,第3阶段,第3阶段,,plant/model/v4/gold/Crop_121_3.png,https://jsq.gptvip.chat/images/plant/model/v4/gold/Crop_121_3.png,3,超变图鉴/黄金果实/黄金·蔷薇/黄金·蔷薇_03_第3阶段.png,downloaded
13,超变图鉴,黄金果实,黄金·蔷薇,+40,卖给商人后，可以获得金豆豆。,基础经验:720 | 基础果实:10个 | 果实单价:— | 图鉴点数:40,5,phase,4,第4阶段,第4阶段,,plant/model/v4/gold/Crop_121_4.png,https://jsq.gptvip.chat/images/plant/model/v4/gold/Crop_121_4.png,4,超变图鉴/黄金果实/黄金·蔷薇/黄金·蔷薇_04_第4阶段.png,downloaded
13,超变图鉴,黄金果实,黄金·蔷薇,+40,卖给商人后，可以获得金豆豆。,基础经验:720 | 基础果实:10个 | 果实单价:— | 图鉴点数:40,6,phase,5,第5阶段,第5阶段,,plant/model/v4/gold/Crop_121_5.png,https://jsq.gptvip.chat/images/plant/model/v4/gold/Crop_121_5.png,5,超变图鉴/黄金果实/黄金·蔷薇/黄金·蔷薇_05_第5阶段.png,downloaded
13,超变图鉴,黄金果实,黄金·蔷薇,+40,卖给商人后，可以获得金豆豆。,基础经验:720 | 基础果实:10个 | 果实单价:— | 图鉴点数:40,7,phase,6,第6阶段,第6阶段,,plant/model/v4/gold/Crop_121_6.png,https://jsq.gptvip.chat/images/plant/model/v4/gold/Crop_121_6.png,6,超变图鉴/黄金果实/黄金·蔷薇/黄金·蔷薇_06_第6阶段.png,downloaded
14,超变图鉴,黄金果实,黄金·蝴蝶兰,+40,卖给商人后，可以获得金豆豆。,基础经验:720 | 基础果实:10个 | 果实单价:— | 图鉴点数:40,1,main,,,黄金·蝴蝶兰,,plant/model/v4/gold/Crop_109_6.png,https://jsq.gptvip.chat/images/plant/model/v4/gold/Crop_109_6.png,1,超变图鉴/黄金果实/黄金·蝴蝶兰/黄金·蝴蝶兰_00_主图.png,downloaded
14,超变图鉴,黄金果实,黄金·蝴蝶兰,+40,卖给商人后，可以获得金豆豆。,基础经验:720 | 基础果实:10个 | 果实单价:— | 图鉴点数:40,2,phase,1,第1阶段,第1阶段,,plant/model/v4/gold/Crop_109_Seed.png,https://jsq.gptvip.chat/images/plant/model/v4/gold/Crop_109_Seed.png,1,超变图鉴/黄金果实/黄金·蝴蝶兰/黄金·蝴蝶兰_01_第1阶段.png,downloaded
14,超变图鉴,黄金果实,黄金·蝴蝶兰,+40,卖给商人后，可以获得金豆豆。,基础经验:720 | 基础果实:10个 | 果实单价:— | 图鉴点数:40,3,phase,2,第2阶段,第2阶段,,plant/model/v4/gold/Crop_109_2.png,https://jsq.gptvip.chat/images/plant/model/v4/gold/Crop_109_2.png,2,超变图鉴/黄金果实/黄金·蝴蝶兰/黄金·蝴蝶兰_02_第2阶段.png,downloaded
14,超变图鉴,黄金果实,黄金·蝴蝶兰,+40,卖给商人后，可以获得金豆豆。,基础经验:720 | 基础果实:10个 | 果实单价:— | 图鉴点数:40,4,phase,3,第3阶段,第3阶段,,plant/model/v4/gold/Crop_109_3.png,https://jsq.gptvip.chat/images/plant/model/v4/gold/Crop_109_3.png,3,超变图鉴/黄金果实/黄金·蝴蝶兰/黄金·蝴蝶兰_03_第3阶段.png,downloaded
14,超变图鉴,黄金果实,黄金·蝴蝶兰,+40,卖给商人后，可以获得金豆豆。,基础经验:720 | 基础果实:10个 | 果实单价:— | 图鉴点数:40,5,phase,4,第4阶段,第4阶段,,plant/model/v4/gold/Crop_109_4.png,https://jsq.gptvip.chat/images/plant/model/v4/gold/Crop_109_4.png,4,超变图鉴/黄金果实/黄金·蝴蝶兰/黄金·蝴蝶兰_04_第4阶段.png,downloaded
14,超变图鉴,黄金果实,黄金·蝴蝶兰,+40,卖给商人后，可以获得金豆豆。,基础经验:720 | 基础果实:10个 | 果实单价:— | 图鉴点数:40,6,phase,5,第5阶段,第5阶段,,plant/model/v4/gold/Crop_109_5.png,https://jsq.gptvip.chat/images/plant/model/v4/gold/Crop_109_5.png,5,超变图鉴/黄金果实/黄金·蝴蝶兰/黄金·蝴蝶兰_05_第5阶段.png,downloaded
14,超变图鉴,黄金果实,黄金·蝴蝶兰,+40,卖给商人后，可以获得金豆豆。,基础经验:720 | 基础果实:10个 | 果实单价:— | 图鉴点数:40,7,phase,6,第6阶段,第6阶段,,plant/model/v4/gold/Crop_109_6.png,https://jsq.gptvip.chat/images/plant/model/v4/gold/Crop_109_6.png,6,超变图鉴/黄金果实/黄金·蝴蝶兰/黄金·蝴蝶兰_06_第6阶段.png,downloaded
15,超变图鉴,黄金果实,黄金·艾草,+40,卖给商人后，可以获得金豆豆。,基础经验:720 | 基础果实:10个 | 果实单价:— | 图鉴点数:40,1,main,,,黄金·艾草,,plant/model/v4/gold/Crop_1135_6.png,https://jsq.gptvip.chat/images/plant/model/v4/gold/Crop_1135_6.png,1,超变图鉴/黄金果实/黄金·艾草/黄金·艾草_00_主图.png,downloaded
15,超变图鉴,黄金果实,黄金·艾草,+40,卖给商人后，可以获得金豆豆。,基础经验:720 | 基础果实:10个 | 果实单价:— | 图鉴点数:40,2,phase,1,第1阶段,第1阶段,,plant/model/v4/gold/Crop_1135_Seed.png,https://jsq.gptvip.chat/images/plant/model/v4/gold/Crop_1135_Seed.png,1,超变图鉴/黄金果实/黄金·艾草/黄金·艾草_01_第1阶段.png,downloaded
15,超变图鉴,黄金果实,黄金·艾草,+40,卖给商人后，可以获得金豆豆。,基础经验:720 | 基础果实:10个 | 果实单价:— | 图鉴点数:40,3,phase,2,第2阶段,第2阶段,,plant/model/v4/gold/Crop_1135_2.png,https://jsq.gptvip.chat/images/plant/model/v4/gold/Crop_1135_2.png,2,超变图鉴/黄金果实/黄金·艾草/黄金·艾草_02_第2阶段.png,downloaded
15,超变图鉴,黄金果实,黄金·艾草,+40,卖给商人后，可以获得金豆豆。,基础经验:720 | 基础果实:10个 | 果实单价:— | 图鉴点数:40,4,phase,3,第3阶段,第3阶段,,plant/model/v4/gold/Crop_1135_3.png,https://jsq.gptvip.chat/images/plant/model/v4/gold/Crop_1135_3.png,3,超变图鉴/黄金果实/黄金·艾草/黄金·艾草_03_第3阶段.png,downloaded
15,超变图鉴,黄金果实,黄金·艾草,+40,卖给商人后，可以获得金豆豆。,基础经验:720 | 基础果实:10个 | 果实单价:— | 图鉴点数:40,5,phase,4,第4阶段,第4阶段,,plant/model/v4/gold/Crop_1135_4.png,https://jsq.gptvip.chat/images/plant/model/v4/gold/Crop_1135_4.png,4,超变图鉴/黄金果实/黄金·艾草/黄金·艾草_04_第4阶段.png,downloaded
15,超变图鉴,黄金果实,黄金·艾草,+40,卖给商人后，可以获得金豆豆。,基础经验:720 | 基础果实:10个 | 果实单价:— | 图鉴点数:40,6,phase,5,第5阶段,第5阶段,,plant/model/v4/gold/Crop_1135_5.png,https://jsq.gptvip.chat/images/plant/model/v4/gold/Crop_1135_5.png,5,超变图鉴/黄金果实/黄金·艾草/黄金·艾草_05_第5阶段.png,downloaded
15,超变图鉴,黄金果实,黄金·艾草,+40,卖给商人后，可以获得金豆豆。,基础经验:720 | 基础果实:10个 | 果实单价:— | 图鉴点数:40,7,phase,6,第6阶段,第6阶段,,plant/model/v4/gold/Crop_1135_6.png,https://jsq.gptvip.chat/images/plant/model/v4/gold/Crop_1135_6.png,6,超变图鉴/黄金果实/黄金·艾草/黄金·艾草_06_第6阶段.png,downloaded
16,超变图鉴,黄金果实,黄金·卡特兰,+40,卖给商人后，可以获得金豆豆。,基础经验:1440 | 基础果实:10个 | 果实单价:— | 图鉴点数:40,1,main,,,黄金·卡特兰,,plant/model/v4/gold/Crop_184_6.png,https://jsq.gptvip.chat/images/plant/model/v4/gold/Crop_184_6.png,1,超变图鉴/黄金果实/黄金·卡特兰/黄金·卡特兰_00_主图.png,downloaded
16,超变图鉴,黄金果实,黄金·卡特兰,+40,卖给商人后，可以获得金豆豆。,基础经验:1440 | 基础果实:10个 | 果实单价:— | 图鉴点数:40,2,phase,1,第1阶段,第1阶段,,plant/model/v4/gold/Crop_184_Seed.png,https://jsq.gptvip.chat/images/plant/model/v4/gold/Crop_184_Seed.png,1,超变图鉴/黄金果实/黄金·卡特兰/黄金·卡特兰_01_第1阶段.png,downloaded
16,超变图鉴,黄金果实,黄金·卡特兰,+40,卖给商人后，可以获得金豆豆。,基础经验:1440 | 基础果实:10个 | 果实单价:— | 图鉴点数:40,3,phase,2,第2阶段,第2阶段,,plant/model/v4/gold/Crop_184_2.png,https://jsq.gptvip.chat/images/plant/model/v4/gold/Crop_184_2.png,2,超变图鉴/黄金果实/黄金·卡特兰/黄金·卡特兰_02_第2阶段.png,downloaded
16,超变图鉴,黄金果实,黄金·卡特兰,+40,卖给商人后，可以获得金豆豆。,基础经验:1440 | 基础果实:10个 | 果实单价:— | 图鉴点数:40,4,phase,3,第3阶段,第3阶段,,plant/model/v4/gold/Crop_184_3.png,https://jsq.gptvip.chat/images/plant/model/v4/gold/Crop_184_3.png,3,超变图鉴/黄金果实/黄金·卡特兰/黄金·卡特兰_03_第3阶段.png,downloaded
16,超变图鉴,黄金果实,黄金·卡特兰,+40,卖给商人后，可以获得金豆豆。,基础经验:1440 | 基础果实:10个 | 果实单价:— | 图鉴点数:40,5,phase,4,第4阶段,第4阶段,,plant/model/v4/gold/Crop_184_4.png,https://jsq.gptvip.chat/images/plant/model/v4/gold/Crop_184_4.png,4,超变图鉴/黄金果实/黄金·卡特兰/黄金·卡特兰_04_第4阶段.png,downloaded
16,超变图鉴,黄金果实,黄金·卡特兰,+40,卖给商人后，可以获得金豆豆。,基础经验:1440 | 基础果实:10个 | 果实单价:— | 图鉴点数:40,6,phase,5,第5阶段,第5阶段,,plant/model/v4/gold/Crop_184_5.png,https://jsq.gptvip.chat/images/plant/model/v4/gold/Crop_184_5.png,5,超变图鉴/黄金果实/黄金·卡特兰/黄金·卡特兰_05_第5阶段.png,downloaded
16,超变图鉴,黄金果实,黄金·卡特兰,+40,卖给商人后，可以获得金豆豆。,基础经验:1440 | 基础果实:10个 | 果实单价:— | 图鉴点数:40,7,phase,6,第6阶段,第6阶段,,plant/model/v4/gold/Crop_184_6.png,https://jsq.gptvip.chat/images/plant/model/v4/gold/Crop_184_6.png,6,超变图鉴/黄金果实/黄金·卡特兰/黄金·卡特兰_06_第6阶段.png,downloaded
17,超变图鉴,黄金果实,黄金·红云飞片,+40,卖给商人后，可以获得金豆豆。,基础经验:1440 | 基础果实:10个 | 果实单价:— | 图鉴点数:40,1,main,,,黄金·红云飞片,,plant/model/v4/gold/Crop_193_6.png,https://jsq.gptvip.chat/images/plant/model/v4/gold/Crop_193_6.png,1,超变图鉴/黄金果实/黄金·红云飞片/黄金·红云飞片_00_主图.png,downloaded
17,超变图鉴,黄金果实,黄金·红云飞片,+40,卖给商人后，可以获得金豆豆。,基础经验:1440 | 基础果实:10个 | 果实单价:— | 图鉴点数:40,2,phase,1,第1阶段,第1阶段,,plant/model/v4/gold/Crop_193_Seed.png,https://jsq.gptvip.chat/images/plant/model/v4/gold/Crop_193_Seed.png,1,超变图鉴/黄金果实/黄金·红云飞片/黄金·红云飞片_01_第1阶段.png,downloaded
17,超变图鉴,黄金果实,黄金·红云飞片,+40,卖给商人后，可以获得金豆豆。,基础经验:1440 | 基础果实:10个 | 果实单价:— | 图鉴点数:40,3,phase,2,第2阶段,第2阶段,,plant/model/v4/gold/Crop_193_2.png,https://jsq.gptvip.chat/images/plant/model/v4/gold/Crop_193_2.png,2,超变图鉴/黄金果实/黄金·红云飞片/黄金·红云飞片_02_第2阶段.png,downloaded
17,超变图鉴,黄金果实,黄金·红云飞片,+40,卖给商人后，可以获得金豆豆。,基础经验:1440 | 基础果实:10个 | 果实单价:— | 图鉴点数:40,4,phase,3,第3阶段,第3阶段,,plant/model/v4/gold/Crop_193_3.png,https://jsq.gptvip.chat/images/plant/model/v4/gold/Crop_193_3.png,3,超变图鉴/黄金果实/黄金·红云飞片/黄金·红云飞片_03_第3阶段.png,downloaded
17,超变图鉴,黄金果实,黄金·红云飞片,+40,卖给商人后，可以获得金豆豆。,基础经验:1440 | 基础果实:10个 | 果实单价:— | 图鉴点数:40,5,phase,4,第4阶段,第4阶段,,plant/model/v4/gold/Crop_193_4.png,https://jsq.gptvip.chat/images/plant/model/v4/gold/Crop_193_4.png,4,超变图鉴/黄金果实/黄金·红云飞片/黄金·红云飞片_04_第4阶段.png,downloaded
17,超变图鉴,黄金果实,黄金·红云飞片,+40,卖给商人后，可以获得金豆豆。,基础经验:1440 | 基础果实:10个 | 果实单价:— | 图鉴点数:40,6,phase,5,第5阶段,第5阶段,,plant/model/v4/gold/Crop_193_5.png,https://jsq.gptvip.chat/images/plant/model/v4/gold/Crop_193_5.png,5,超变图鉴/黄金果实/黄金·红云飞片/黄金·红云飞片_05_第5阶段.png,downloaded
17,超变图鉴,黄金果实,黄金·红云飞片,+40,卖给商人后，可以获得金豆豆。,基础经验:1440 | 基础果实:10个 | 果实单价:— | 图鉴点数:40,7,phase,6,第6阶段,第6阶段,,plant/model/v4/gold/Crop_193_6.png,https://jsq.gptvip.chat/images/plant/model/v4/gold/Crop_193_6.png,6,超变图鉴/黄金果实/黄金·红云飞片/黄金·红云飞片_06_第6阶段.png,downloaded
18,超变图鉴,黄金果实,黄金·石竹花,+40,卖给商人后，可以获得金豆豆。,基础经验:1440 | 基础果实:10个 | 果实单价:— | 图鉴点数:40,1,main,,,黄金·石竹花,,plant/model/v4/gold/Crop_256_6.png,https://jsq.gptvip.chat/images/plant/model/v4/gold/Crop_256_6.png,1,超变图鉴/黄金果实/黄金·石竹花/黄金·石竹花_00_主图.png,downloaded
18,超变图鉴,黄金果实,黄金·石竹花,+40,卖给商人后，可以获得金豆豆。,基础经验:1440 | 基础果实:10个 | 果实单价:— | 图鉴点数:40,2,phase,1,第1阶段,第1阶段,,plant/model/v4/gold/Crop_256_Seed.png,https://jsq.gptvip.chat/images/plant/model/v4/gold/Crop_256_Seed.png,1,超变图鉴/黄金果实/黄金·石竹花/黄金·石竹花_01_第1阶段.png,downloaded
18,超变图鉴,黄金果实,黄金·石竹花,+40,卖给商人后，可以获得金豆豆。,基础经验:1440 | 基础果实:10个 | 果实单价:— | 图鉴点数:40,3,phase,2,第2阶段,第2阶段,,plant/model/v4/gold/Crop_256_2.png,https://jsq.gptvip.chat/images/plant/model/v4/gold/Crop_256_2.png,2,超变图鉴/黄金果实/黄金·石竹花/黄金·石竹花_02_第2阶段.png,downloaded
18,超变图鉴,黄金果实,黄金·石竹花,+40,卖给商人后，可以获得金豆豆。,基础经验:1440 | 基础果实:10个 | 果实单价:— | 图鉴点数:40,4,phase,3,第3阶段,第3阶段,,plant/model/v4/gold/Crop_256_3.png,https://jsq.gptvip.chat/images/plant/model/v4/gold/Crop_256_3.png,3,超变图鉴/黄金果实/黄金·石竹花/黄金·石竹花_03_第3阶段.png,downloaded
18,超变图鉴,黄金果实,黄金·石竹花,+40,卖给商人后，可以获得金豆豆。,基础经验:1440 | 基础果实:10个 | 果实单价:— | 图鉴点数:40,5,phase,4,第4阶段,第4阶段,,plant/model/v4/gold/Crop_256_4.png,https://jsq.gptvip.chat/images/plant/model/v4/gold/Crop_256_4.png,4,超变图鉴/黄金果实/黄金·石竹花/黄金·石竹花_04_第4阶段.png,downloaded
18,超变图鉴,黄金果实,黄金·石竹花,+40,卖给商人后，可以获得金豆豆。,基础经验:1440 | 基础果实:10个 | 果实单价:— | 图鉴点数:40,6,phase,5,第5阶段,第5阶段,,plant/model/v4/gold/Crop_256_5.png,https://jsq.gptvip.chat/images/plant/model/v4/gold/Crop_256_5.png,5,超变图鉴/黄金果实/黄金·石竹花/黄金·石竹花_05_第5阶段.png,downloaded
18,超变图鉴,黄金果实,黄金·石竹花,+40,卖给商人后，可以获得金豆豆。,基础经验:1440 | 基础果实:10个 | 果实单价:— | 图鉴点数:40,7,phase,6,第6阶段,第6阶段,,plant/model/v4/gold/Crop_256_6.png,https://jsq.gptvip.chat/images/plant/model/v4/gold/Crop_256_6.png,6,超变图鉴/黄金果实/黄金·石竹花/黄金·石竹花_06_第6阶段.png,downloaded
19,超变图鉴,黄金果实,黄金·针垫花,+40,卖给商人后，可以获得金豆豆。,基础经验:1440 | 基础果实:10个 | 果实单价:— | 图鉴点数:40,1,main,,,黄金·针垫花,,plant/model/v4/gold/Crop_261_6.png,https://jsq.gptvip.chat/images/plant/model/v4/gold/Crop_261_6.png,1,超变图鉴/黄金果实/黄金·针垫花/黄金·针垫花_00_主图.png,downloaded
19,超变图鉴,黄金果实,黄金·针垫花,+40,卖给商人后，可以获得金豆豆。,基础经验:1440 | 基础果实:10个 | 果实单价:— | 图鉴点数:40,2,phase,1,第1阶段,第1阶段,,plant/model/v4/gold/Crop_261_Seed.png,https://jsq.gptvip.chat/images/plant/model/v4/gold/Crop_261_Seed.png,1,超变图鉴/黄金果实/黄金·针垫花/黄金·针垫花_01_第1阶段.png,downloaded
19,超变图鉴,黄金果实,黄金·针垫花,+40,卖给商人后，可以获得金豆豆。,基础经验:1440 | 基础果实:10个 | 果实单价:— | 图鉴点数:40,3,phase,2,第2阶段,第2阶段,,plant/model/v4/gold/Crop_261_2.png,https://jsq.gptvip.chat/images/plant/model/v4/gold/Crop_261_2.png,2,超变图鉴/黄金果实/黄金·针垫花/黄金·针垫花_02_第2阶段.png,downloaded
19,超变图鉴,黄金果实,黄金·针垫花,+40,卖给商人后，可以获得金豆豆。,基础经验:1440 | 基础果实:10个 | 果实单价:— | 图鉴点数:40,4,phase,3,第3阶段,第3阶段,,plant/model/v4/gold/Crop_261_3.png,https://jsq.gptvip.chat/images/plant/model/v4/gold/Crop_261_3.png,3,超变图鉴/黄金果实/黄金·针垫花/黄金·针垫花_03_第3阶段.png,downloaded
19,超变图鉴,黄金果实,黄金·针垫花,+40,卖给商人后，可以获得金豆豆。,基础经验:1440 | 基础果实:10个 | 果实单价:— | 图鉴点数:40,5,phase,4,第4阶段,第4阶段,,plant/model/v4/gold/Crop_261_4.png,https://jsq.gptvip.chat/images/plant/model/v4/gold/Crop_261_4.png,4,超变图鉴/黄金果实/黄金·针垫花/黄金·针垫花_04_第4阶段.png,downloaded
19,超变图鉴,黄金果实,黄金·针垫花,+40,卖给商人后，可以获得金豆豆。,基础经验:1440 | 基础果实:10个 | 果实单价:— | 图鉴点数:40,6,phase,5,第5阶段,第5阶段,,plant/model/v4/gold/Crop_261_5.png,https://jsq.gptvip.chat/images/plant/model/v4/gold/Crop_261_5.png,5,超变图鉴/黄金果实/黄金·针垫花/黄金·针垫花_05_第5阶段.png,downloaded
19,超变图鉴,黄金果实,黄金·针垫花,+40,卖给商人后，可以获得金豆豆。,基础经验:1440 | 基础果实:10个 | 果实单价:— | 图鉴点数:40,7,phase,6,第6阶段,第6阶段,,plant/model/v4/gold/Crop_261_6.png,https://jsq.gptvip.chat/images/plant/model/v4/gold/Crop_261_6.png,6,超变图鉴/黄金果实/黄金·针垫花/黄金·针垫花_06_第6阶段.png,downloaded
20,超变图鉴,黄金果实,黄金·欢乐糖果,+40,卖给商人后，可以获得金豆豆。,基础经验:960 | 基础果实:10个 | 果实单价:— | 图鉴点数:40,1,main,,,黄金·欢乐糖果,,plant/model/v4/gold/Crop_167_6.png,https://jsq.gptvip.chat/images/plant/model/v4/gold/Crop_167_6.png,1,超变图鉴/黄金果实/黄金·欢乐糖果/黄金·欢乐糖果_00_主图.png,downloaded
20,超变图鉴,黄金果实,黄金·欢乐糖果,+40,卖给商人后，可以获得金豆豆。,基础经验:960 | 基础果实:10个 | 果实单价:— | 图鉴点数:40,2,phase,1,第1阶段,第1阶段,,plant/model/v4/gold/Crop_167_Seed.png,https://jsq.gptvip.chat/images/plant/model/v4/gold/Crop_167_Seed.png,1,超变图鉴/黄金果实/黄金·欢乐糖果/黄金·欢乐糖果_01_第1阶段.png,downloaded
20,超变图鉴,黄金果实,黄金·欢乐糖果,+40,卖给商人后，可以获得金豆豆。,基础经验:960 | 基础果实:10个 | 果实单价:— | 图鉴点数:40,3,phase,2,第2阶段,第2阶段,,plant/model/v4/gold/Crop_167_2.png,https://jsq.gptvip.chat/images/plant/model/v4/gold/Crop_167_2.png,2,超变图鉴/黄金果实/黄金·欢乐糖果/黄金·欢乐糖果_02_第2阶段.png,downloaded
20,超变图鉴,黄金果实,黄金·欢乐糖果,+40,卖给商人后，可以获得金豆豆。,基础经验:960 | 基础果实:10个 | 果实单价:— | 图鉴点数:40,4,phase,3,第3阶段,第3阶段,,plant/model/v4/gold/Crop_167_3.png,https://jsq.gptvip.chat/images/plant/model/v4/gold/Crop_167_3.png,3,超变图鉴/黄金果实/黄金·欢乐糖果/黄金·欢乐糖果_03_第3阶段.png,downloaded
20,超变图鉴,黄金果实,黄金·欢乐糖果,+40,卖给商人后，可以获得金豆豆。,基础经验:960 | 基础果实:10个 | 果实单价:— | 图鉴点数:40,5,phase,4,第4阶段,第4阶段,,plant/model/v4/gold/Crop_167_4.png,https://jsq.gptvip.chat/images/plant/model/v4/gold/Crop_167_4.png,4,超变图鉴/黄金果实/黄金·欢乐糖果/黄金·欢乐糖果_04_第4阶段.png,downloaded
20,超变图鉴,黄金果实,黄金·欢乐糖果,+40,卖给商人后，可以获得金豆豆。,基础经验:960 | 基础果实:10个 | 果实单价:— | 图鉴点数:40,6,phase,5,第5阶段,第5阶段,,plant/model/v4/gold/Crop_167_5.png,https://jsq.gptvip.chat/images/plant/model/v4/gold/Crop_167_5.png,5,超变图鉴/黄金果实/黄金·欢乐糖果/黄金·欢乐糖果_05_第5阶段.png,downloaded
20,超变图鉴,黄金果实,黄金·欢乐糖果,+40,卖给商人后，可以获得金豆豆。,基础经验:960 | 基础果实:10个 | 果实单价:— | 图鉴点数:40,7,phase,6,第6阶段,第6阶段,,plant/model/v4/gold/Crop_167_6.png,https://jsq.gptvip.chat/images/plant/model/v4/gold/Crop_167_6.png,6,超变图鉴/黄金果实/黄金·欢乐糖果/黄金·欢乐糖果_06_第6阶段.png,downloaded
21,超变图鉴,黄金果实,黄金·似何莲,+40,卖给商人后，可以获得金豆豆。,基础经验:720 | 基础果实:10个 | 果实单价:— | 图鉴点数:40,1,main,,,黄金·似何莲,,plant/model/v4/gold/Crop_185_6.png,https://jsq.gptvip.chat/images/plant/model/v4/gold/Crop_185_6.png,1,超变图鉴/黄金果实/黄金·似何莲/黄金·似何莲_00_主图.png,downloaded
21,超变图鉴,黄金果实,黄金·似何莲,+40,卖给商人后，可以获得金豆豆。,基础经验:720 | 基础果实:10个 | 果实单价:— | 图鉴点数:40,2,phase,1,第1阶段,第1阶段,,plant/model/v4/gold/Crop_185_Seed.png,https://jsq.gptvip.chat/images/plant/model/v4/gold/Crop_185_Seed.png,1,超变图鉴/黄金果实/黄金·似何莲/黄金·似何莲_01_第1阶段.png,downloaded
21,超变图鉴,黄金果实,黄金·似何莲,+40,卖给商人后，可以获得金豆豆。,基础经验:720 | 基础果实:10个 | 果实单价:— | 图鉴点数:40,3,phase,2,第2阶段,第2阶段,,plant/model/v4/gold/Crop_185_2.png,https://jsq.gptvip.chat/images/plant/model/v4/gold/Crop_185_2.png,2,超变图鉴/黄金果实/黄金·似何莲/黄金·似何莲_02_第2阶段.png,downloaded
21,超变图鉴,黄金果实,黄金·似何莲,+40,卖给商人后，可以获得金豆豆。,基础经验:720 | 基础果实:10个 | 果实单价:— | 图鉴点数:40,4,phase,3,第3阶段,第3阶段,,plant/model/v4/gold/Crop_185_3.png,https://jsq.gptvip.chat/images/plant/model/v4/gold/Crop_185_3.png,3,超变图鉴/黄金果实/黄金·似何莲/黄金·似何莲_03_第3阶段.png,downloaded
21,超变图鉴,黄金果实,黄金·似何莲,+40,卖给商人后，可以获得金豆豆。,基础经验:720 | 基础果实:10个 | 果实单价:— | 图鉴点数:40,5,phase,4,第4阶段,第4阶段,,plant/model/v4/gold/Crop_185_4.png,https://jsq.gptvip.chat/images/plant/model/v4/gold/Crop_185_4.png,4,超变图鉴/黄金果实/黄金·似何莲/黄金·似何莲_04_第4阶段.png,downloaded
21,超变图鉴,黄金果实,黄金·似何莲,+40,卖给商人后，可以获得金豆豆。,基础经验:720 | 基础果实:10个 | 果实单价:— | 图鉴点数:40,6,phase,5,第5阶段,第5阶段,,plant/model/v4/gold/Crop_185_5.png,https://jsq.gptvip.chat/images/plant/model/v4/gold/Crop_185_5.png,5,超变图鉴/黄金果实/黄金·似何莲/黄金·似何莲_05_第5阶段.png,downloaded
21,超变图鉴,黄金果实,黄金·似何莲,+40,卖给商人后，可以获得金豆豆。,基础经验:720 | 基础果实:10个 | 果实单价:— | 图鉴点数:40,7,phase,6,第6阶段,第6阶段,,plant/model/v4/gold/Crop_185_6.png,https://jsq.gptvip.chat/images/plant/model/v4/gold/Crop_185_6.png,6,超变图鉴/黄金果实/黄金·似何莲/黄金·似何莲_06_第6阶段.png,downloaded
22,超变图鉴,黄金果实,黄金·凤仙花,+40,卖给商人后，可以获得金豆豆。,基础经验:720 | 基础果实:10个 | 果实单价:— | 图鉴点数:40,1,main,,,黄金·凤仙花,,plant/model/v4/gold/Crop_133_6.png,https://jsq.gptvip.chat/images/plant/model/v4/gold/Crop_133_6.png,1,超变图鉴/黄金果实/黄金·凤仙花/黄金·凤仙花_00_主图.png,downloaded
22,超变图鉴,黄金果实,黄金·凤仙花,+40,卖给商人后，可以获得金豆豆。,基础经验:720 | 基础果实:10个 | 果实单价:— | 图鉴点数:40,2,phase,1,第1阶段,第1阶段,,plant/model/v4/gold/Crop_133_Seed.png,https://jsq.gptvip.chat/images/plant/model/v4/gold/Crop_133_Seed.png,1,超变图鉴/黄金果实/黄金·凤仙花/黄金·凤仙花_01_第1阶段.png,downloaded
22,超变图鉴,黄金果实,黄金·凤仙花,+40,卖给商人后，可以获得金豆豆。,基础经验:720 | 基础果实:10个 | 果实单价:— | 图鉴点数:40,3,phase,2,第2阶段,第2阶段,,plant/model/v4/gold/Crop_133_2.png,https://jsq.gptvip.chat/images/plant/model/v4/gold/Crop_133_2.png,2,超变图鉴/黄金果实/黄金·凤仙花/黄金·凤仙花_02_第2阶段.png,downloaded
22,超变图鉴,黄金果实,黄金·凤仙花,+40,卖给商人后，可以获得金豆豆。,基础经验:720 | 基础果实:10个 | 果实单价:— | 图鉴点数:40,4,phase,3,第3阶段,第3阶段,,plant/model/v4/gold/Crop_133_3.png,https://jsq.gptvip.chat/images/plant/model/v4/gold/Crop_133_3.png,3,超变图鉴/黄金果实/黄金·凤仙花/黄金·凤仙花_03_第3阶段.png,downloaded
22,超变图鉴,黄金果实,黄金·凤仙花,+40,卖给商人后，可以获得金豆豆。,基础经验:720 | 基础果实:10个 | 果实单价:— | 图鉴点数:40,5,phase,4,第4阶段,第4阶段,,plant/model/v4/gold/Crop_133_4.png,https://jsq.gptvip.chat/images/plant/model/v4/gold/Crop_133_4.png,4,超变图鉴/黄金果实/黄金·凤仙花/黄金·凤仙花_04_第4阶段.png,downloaded
22,超变图鉴,黄金果实,黄金·凤仙花,+40,卖给商人后，可以获得金豆豆。,基础经验:720 | 基础果实:10个 | 果实单价:— | 图鉴点数:40,6,phase,5,第5阶段,第5阶段,,plant/model/v4/gold/Crop_133_5.png,https://jsq.gptvip.chat/images/plant/model/v4/gold/Crop_133_5.png,5,超变图鉴/黄金果实/黄金·凤仙花/黄金·凤仙花_05_第5阶段.png,downloaded
22,超变图鉴,黄金果实,黄金·凤仙花,+40,卖给商人后，可以获得金豆豆。,基础经验:720 | 基础果实:10个 | 果实单价:— | 图鉴点数:40,7,phase,6,第6阶段,第6阶段,,plant/model/v4/gold/Crop_133_6.png,https://jsq.gptvip.chat/images/plant/model/v4/gold/Crop_133_6.png,6,超变图鉴/黄金果实/黄金·凤仙花/黄金·凤仙花_06_第6阶段.png,downloaded
23,超变图鉴,黄金果实,黄金·金银花,+40,卖给商人后，可以获得金豆豆。,基础经验:720 | 基础果实:10个 | 果实单价:— | 图鉴点数:40,1,main,,,黄金·金银花,,plant/model/v4/gold/Crop_176_6.png,https://jsq.gptvip.chat/images/plant/model/v4/gold/Crop_176_6.png,1,超变图鉴/黄金果实/黄金·金银花/黄金·金银花_00_主图.png,downloaded
23,超变图鉴,黄金果实,黄金·金银花,+40,卖给商人后，可以获得金豆豆。,基础经验:720 | 基础果实:10个 | 果实单价:— | 图鉴点数:40,2,phase,1,第1阶段,第1阶段,,plant/model/v4/gold/Crop_176_Seed.png,https://jsq.gptvip.chat/images/plant/model/v4/gold/Crop_176_Seed.png,1,超变图鉴/黄金果实/黄金·金银花/黄金·金银花_01_第1阶段.png,downloaded
23,超变图鉴,黄金果实,黄金·金银花,+40,卖给商人后，可以获得金豆豆。,基础经验:720 | 基础果实:10个 | 果实单价:— | 图鉴点数:40,3,phase,2,第2阶段,第2阶段,,plant/model/v4/gold/Crop_176_2.png,https://jsq.gptvip.chat/images/plant/model/v4/gold/Crop_176_2.png,2,超变图鉴/黄金果实/黄金·金银花/黄金·金银花_02_第2阶段.png,downloaded
23,超变图鉴,黄金果实,黄金·金银花,+40,卖给商人后，可以获得金豆豆。,基础经验:720 | 基础果实:10个 | 果实单价:— | 图鉴点数:40,4,phase,3,第3阶段,第3阶段,,plant/model/v4/gold/Crop_176_3.png,https://jsq.gptvip.chat/images/plant/model/v4/gold/Crop_176_3.png,3,超变图鉴/黄金果实/黄金·金银花/黄金·金银花_03_第3阶段.png,downloaded
23,超变图鉴,黄金果实,黄金·金银花,+40,卖给商人后，可以获得金豆豆。,基础经验:720 | 基础果实:10个 | 果实单价:— | 图鉴点数:40,5,phase,4,第4阶段,第4阶段,,plant/model/v4/gold/Crop_176_4.png,https://jsq.gptvip.chat/images/plant/model/v4/gold/Crop_176_4.png,4,超变图鉴/黄金果实/黄金·金银花/黄金·金银花_04_第4阶段.png,downloaded
23,超变图鉴,黄金果实,黄金·金银花,+40,卖给商人后，可以获得金豆豆。,基础经验:720 | 基础果实:10个 | 果实单价:— | 图鉴点数:40,6,phase,5,第5阶段,第5阶段,,plant/model/v4/gold/Crop_176_5.png,https://jsq.gptvip.chat/images/plant/model/v4/gold/Crop_176_5.png,5,超变图鉴/黄金果实/黄金·金银花/黄金·金银花_05_第5阶段.png,downloaded
23,超变图鉴,黄金果实,黄金·金银花,+40,卖给商人后，可以获得金豆豆。,基础经验:720 | 基础果实:10个 | 果实单价:— | 图鉴点数:40,7,phase,6,第6阶段,第6阶段,,plant/model/v4/gold/Crop_176_6.png,https://jsq.gptvip.chat/images/plant/model/v4/gold/Crop_176_6.png,6,超变图鉴/黄金果实/黄金·金银花/黄金·金银花_06_第6阶段.png,downloaded
24,超变图鉴,黄金果实,黄金·米兰,+40,卖给商人后，可以获得金豆豆。,基础经验:720 | 基础果实:10个 | 果实单价:— | 图鉴点数:40,1,main,,,黄金·米兰,,plant/model/v4/gold/Crop_186_6.png,https://jsq.gptvip.chat/images/plant/model/v4/gold/Crop_186_6.png,1,超变图鉴/黄金果实/黄金·米兰/黄金·米兰_00_主图.png,downloaded
24,超变图鉴,黄金果实,黄金·米兰,+40,卖给商人后，可以获得金豆豆。,基础经验:720 | 基础果实:10个 | 果实单价:— | 图鉴点数:40,2,phase,1,第1阶段,第1阶段,,plant/model/v4/gold/Crop_186_Seed.png,https://jsq.gptvip.chat/images/plant/model/v4/gold/Crop_186_Seed.png,1,超变图鉴/黄金果实/黄金·米兰/黄金·米兰_01_第1阶段.png,downloaded
24,超变图鉴,黄金果实,黄金·米兰,+40,卖给商人后，可以获得金豆豆。,基础经验:720 | 基础果实:10个 | 果实单价:— | 图鉴点数:40,3,phase,2,第2阶段,第2阶段,,plant/model/v4/gold/Crop_186_2.png,https://jsq.gptvip.chat/images/plant/model/v4/gold/Crop_186_2.png,2,超变图鉴/黄金果实/黄金·米兰/黄金·米兰_02_第2阶段.png,downloaded
24,超变图鉴,黄金果实,黄金·米兰,+40,卖给商人后，可以获得金豆豆。,基础经验:720 | 基础果实:10个 | 果实单价:— | 图鉴点数:40,4,phase,3,第3阶段,第3阶段,,plant/model/v4/gold/Crop_186_3.png,https://jsq.gptvip.chat/images/plant/model/v4/gold/Crop_186_3.png,3,超变图鉴/黄金果实/黄金·米兰/黄金·米兰_03_第3阶段.png,downloaded
24,超变图鉴,黄金果实,黄金·米兰,+40,卖给商人后，可以获得金豆豆。,基础经验:720 | 基础果实:10个 | 果实单价:— | 图鉴点数:40,5,phase,4,第4阶段,第4阶段,,plant/model/v4/gold/Crop_186_4.png,https://jsq.gptvip.chat/images/plant/model/v4/gold/Crop_186_4.png,4,超变图鉴/黄金果实/黄金·米兰/黄金·米兰_04_第4阶段.png,downloaded
24,超变图鉴,黄金果实,黄金·米兰,+40,卖给商人后，可以获得金豆豆。,基础经验:720 | 基础果实:10个 | 果实单价:— | 图鉴点数:40,6,phase,5,第5阶段,第5阶段,,plant/model/v4/gold/Crop_186_5.png,https://jsq.gptvip.chat/images/plant/model/v4/gold/Crop_186_5.png,5,超变图鉴/黄金果实/黄金·米兰/黄金·米兰_05_第5阶段.png,downloaded
24,超变图鉴,黄金果实,黄金·米兰,+40,卖给商人后，可以获得金豆豆。,基础经验:720 | 基础果实:10个 | 果实单价:— | 图鉴点数:40,7,phase,6,第6阶段,第6阶段,,plant/model/v4/gold/Crop_186_6.png,https://jsq.gptvip.chat/images/plant/model/v4/gold/Crop_186_6.png,6,超变图鉴/黄金果实/黄金·米兰/黄金·米兰_06_第6阶段.png,downloaded
25,超变图鉴,黄金果实,黄金·鹭草,+40,卖给商人后，可以获得金豆豆。,基础经验:720 | 基础果实:10个 | 果实单价:— | 图鉴点数:40,1,main,,,黄金·鹭草,,plant/model/v4/gold/Crop_251_6.png,https://jsq.gptvip.chat/images/plant/model/v4/gold/Crop_251_6.png,1,超变图鉴/黄金果实/黄金·鹭草/黄金·鹭草_00_主图.png,downloaded
25,超变图鉴,黄金果实,黄金·鹭草,+40,卖给商人后，可以获得金豆豆。,基础经验:720 | 基础果实:10个 | 果实单价:— | 图鉴点数:40,2,phase,1,第1阶段,第1阶段,,plant/model/v4/gold/Crop_251_Seed.png,https://jsq.gptvip.chat/images/plant/model/v4/gold/Crop_251_Seed.png,1,超变图鉴/黄金果实/黄金·鹭草/黄金·鹭草_01_第1阶段.png,downloaded
25,超变图鉴,黄金果实,黄金·鹭草,+40,卖给商人后，可以获得金豆豆。,基础经验:720 | 基础果实:10个 | 果实单价:— | 图鉴点数:40,3,phase,2,第2阶段,第2阶段,,plant/model/v4/gold/Crop_251_2.png,https://jsq.gptvip.chat/images/plant/model/v4/gold/Crop_251_2.png,2,超变图鉴/黄金果实/黄金·鹭草/黄金·鹭草_02_第2阶段.png,downloaded
25,超变图鉴,黄金果实,黄金·鹭草,+40,卖给商人后，可以获得金豆豆。,基础经验:720 | 基础果实:10个 | 果实单价:— | 图鉴点数:40,4,phase,3,第3阶段,第3阶段,,plant/model/v4/gold/Crop_251_3.png,https://jsq.gptvip.chat/images/plant/model/v4/gold/Crop_251_3.png,3,超变图鉴/黄金果实/黄金·鹭草/黄金·鹭草_03_第3阶段.png,downloaded
25,超变图鉴,黄金果实,黄金·鹭草,+40,卖给商人后，可以获得金豆豆。,基础经验:720 | 基础果实:10个 | 果实单价:— | 图鉴点数:40,5,phase,4,第4阶段,第4阶段,,plant/model/v4/gold/Crop_251_4.png,https://jsq.gptvip.chat/images/plant/model/v4/gold/Crop_251_4.png,4,超变图鉴/黄金果实/黄金·鹭草/黄金·鹭草_04_第4阶段.png,downloaded
25,超变图鉴,黄金果实,黄金·鹭草,+40,卖给商人后，可以获得金豆豆。,基础经验:720 | 基础果实:10个 | 果实单价:— | 图鉴点数:40,6,phase,5,第5阶段,第5阶段,,plant/model/v4/gold/Crop_251_5.png,https://jsq.gptvip.chat/images/plant/model/v4/gold/Crop_251_5.png,5,超变图鉴/黄金果实/黄金·鹭草/黄金·鹭草_05_第5阶段.png,downloaded
25,超变图鉴,黄金果实,黄金·鹭草,+40,卖给商人后，可以获得金豆豆。,基础经验:720 | 基础果实:10个 | 果实单价:— | 图鉴点数:40,7,phase,6,第6阶段,第6阶段,,plant/model/v4/gold/Crop_251_6.png,https://jsq.gptvip.chat/images/plant/model/v4/gold/Crop_251_6.png,6,超变图鉴/黄金果实/黄金·鹭草/黄金·鹭草_06_第6阶段.png,downloaded
26,超变图鉴,黄金果实,黄金·昙花,+80,卖给商人后，可以获得金豆豆。,基础经验:840 | 基础果实:10个 | 果实单价:— | 图鉴点数:80,1,main,,,黄金·昙花,,plant/model/v4/gold/Crop_224_6.png,https://jsq.gptvip.chat/images/plant/model/v4/gold/Crop_224_6.png,1,超变图鉴/黄金果实/黄金·昙花/黄金·昙花_00_主图.png,downloaded
26,超变图鉴,黄金果实,黄金·昙花,+80,卖给商人后，可以获得金豆豆。,基础经验:840 | 基础果实:10个 | 果实单价:— | 图鉴点数:80,2,phase,1,第1阶段,第1阶段,,plant/model/v4/gold/Crop_224_Seed.png,https://jsq.gptvip.chat/images/plant/model/v4/gold/Crop_224_Seed.png,1,超变图鉴/黄金果实/黄金·昙花/黄金·昙花_01_第1阶段.png,downloaded
26,超变图鉴,黄金果实,黄金·昙花,+80,卖给商人后，可以获得金豆豆。,基础经验:840 | 基础果实:10个 | 果实单价:— | 图鉴点数:80,3,phase,2,第2阶段,第2阶段,,plant/model/v4/gold/Crop_224_2.png,https://jsq.gptvip.chat/images/plant/model/v4/gold/Crop_224_2.png,2,超变图鉴/黄金果实/黄金·昙花/黄金·昙花_02_第2阶段.png,downloaded
26,超变图鉴,黄金果实,黄金·昙花,+80,卖给商人后，可以获得金豆豆。,基础经验:840 | 基础果实:10个 | 果实单价:— | 图鉴点数:80,4,phase,3,第3阶段,第3阶段,,plant/model/v4/gold/Crop_224_3.png,https://jsq.gptvip.chat/images/plant/model/v4/gold/Crop_224_3.png,3,超变图鉴/黄金果实/黄金·昙花/黄金·昙花_03_第3阶段.png,downloaded
26,超变图鉴,黄金果实,黄金·昙花,+80,卖给商人后，可以获得金豆豆。,基础经验:840 | 基础果实:10个 | 果实单价:— | 图鉴点数:80,5,phase,4,第4阶段,第4阶段,,plant/model/v4/gold/Crop_224_4.png,https://jsq.gptvip.chat/images/plant/model/v4/gold/Crop_224_4.png,4,超变图鉴/黄金果实/黄金·昙花/黄金·昙花_04_第4阶段.png,downloaded
26,超变图鉴,黄金果实,黄金·昙花,+80,卖给商人后，可以获得金豆豆。,基础经验:840 | 基础果实:10个 | 果实单价:— | 图鉴点数:80,6,phase,5,第5阶段,第5阶段,,plant/model/v4/gold/Crop_224_5.png,https://jsq.gptvip.chat/images/plant/model/v4/gold/Crop_224_5.png,5,超变图鉴/黄金果实/黄金·昙花/黄金·昙花_05_第5阶段.png,downloaded
26,超变图鉴,黄金果实,黄金·昙花,+80,卖给商人后，可以获得金豆豆。,基础经验:840 | 基础果实:10个 | 果实单价:— | 图鉴点数:80,7,phase,6,第6阶段,第6阶段,,plant/model/v4/gold/Crop_224_6.png,https://jsq.gptvip.chat/images/plant/model/v4/gold/Crop_224_6.png,6,超变图鉴/黄金果实/黄金·昙花/黄金·昙花_06_第6阶段.png,downloaded
27,超变图鉴,黄金果实,黄金·荷包牡丹,+80,卖给商人后，可以获得金豆豆。,基础经验:840 | 基础果实:10个 | 果实单价:— | 图鉴点数:80,1,main,,,黄金·荷包牡丹,,plant/model/v4/gold/Crop_249_6.png,https://jsq.gptvip.chat/images/plant/model/v4/gold/Crop_249_6.png,1,超变图鉴/黄金果实/黄金·荷包牡丹/黄金·荷包牡丹_00_主图.png,downloaded
27,超变图鉴,黄金果实,黄金·荷包牡丹,+80,卖给商人后，可以获得金豆豆。,基础经验:840 | 基础果实:10个 | 果实单价:— | 图鉴点数:80,2,phase,1,第1阶段,第1阶段,,plant/model/v4/gold/Crop_249_Seed.png,https://jsq.gptvip.chat/images/plant/model/v4/gold/Crop_249_Seed.png,1,超变图鉴/黄金果实/黄金·荷包牡丹/黄金·荷包牡丹_01_第1阶段.png,downloaded
27,超变图鉴,黄金果实,黄金·荷包牡丹,+80,卖给商人后，可以获得金豆豆。,基础经验:840 | 基础果实:10个 | 果实单价:— | 图鉴点数:80,3,phase,2,第2阶段,第2阶段,,plant/model/v4/gold/Crop_249_2.png,https://jsq.gptvip.chat/images/plant/model/v4/gold/Crop_249_2.png,2,超变图鉴/黄金果实/黄金·荷包牡丹/黄金·荷包牡丹_02_第2阶段.png,downloaded
27,超变图鉴,黄金果实,黄金·荷包牡丹,+80,卖给商人后，可以获得金豆豆。,基础经验:840 | 基础果实:10个 | 果实单价:— | 图鉴点数:80,4,phase,3,第3阶段,第3阶段,,plant/model/v4/gold/Crop_249_3.png,https://jsq.gptvip.chat/images/plant/model/v4/gold/Crop_249_3.png,3,超变图鉴/黄金果实/黄金·荷包牡丹/黄金·荷包牡丹_03_第3阶段.png,downloaded
27,超变图鉴,黄金果实,黄金·荷包牡丹,+80,卖给商人后，可以获得金豆豆。,基础经验:840 | 基础果实:10个 | 果实单价:— | 图鉴点数:80,5,phase,4,第4阶段,第4阶段,,plant/model/v4/gold/Crop_249_4.png,https://jsq.gptvip.chat/images/plant/model/v4/gold/Crop_249_4.png,4,超变图鉴/黄金果实/黄金·荷包牡丹/黄金·荷包牡丹_04_第4阶段.png,downloaded
27,超变图鉴,黄金果实,黄金·荷包牡丹,+80,卖给商人后，可以获得金豆豆。,基础经验:840 | 基础果实:10个 | 果实单价:— | 图鉴点数:80,6,phase,5,第5阶段,第5阶段,,plant/model/v4/gold/Crop_249_5.png,https://jsq.gptvip.chat/images/plant/model/v4/gold/Crop_249_5.png,5,超变图鉴/黄金果实/黄金·荷包牡丹/黄金·荷包牡丹_05_第5阶段.png,downloaded
27,超变图鉴,黄金果实,黄金·荷包牡丹,+80,卖给商人后，可以获得金豆豆。,基础经验:840 | 基础果实:10个 | 果实单价:— | 图鉴点数:80,7,phase,6,第6阶段,第6阶段,,plant/model/v4/gold/Crop_249_6.png,https://jsq.gptvip.chat/images/plant/model/v4/gold/Crop_249_6.png,6,超变图鉴/黄金果实/黄金·荷包牡丹/黄金·荷包牡丹_06_第6阶段.png,downloaded
28,超变图鉴,黄金果实,黄金·孔雀草,+80,卖给商人后，可以获得金豆豆。,基础经验:1680 | 基础果实:10个 | 果实单价:— | 图鉴点数:80,1,main,,,黄金·孔雀草,,plant/model/v4/gold/Crop_257_6.png,https://jsq.gptvip.chat/images/plant/model/v4/gold/Crop_257_6.png,1,超变图鉴/黄金果实/黄金·孔雀草/黄金·孔雀草_00_主图.png,downloaded
28,超变图鉴,黄金果实,黄金·孔雀草,+80,卖给商人后，可以获得金豆豆。,基础经验:1680 | 基础果实:10个 | 果实单价:— | 图鉴点数:80,2,phase,1,第1阶段,第1阶段,,plant/model/v4/gold/Crop_257_Seed.png,https://jsq.gptvip.chat/images/plant/model/v4/gold/Crop_257_Seed.png,1,超变图鉴/黄金果实/黄金·孔雀草/黄金·孔雀草_01_第1阶段.png,downloaded
28,超变图鉴,黄金果实,黄金·孔雀草,+80,卖给商人后，可以获得金豆豆。,基础经验:1680 | 基础果实:10个 | 果实单价:— | 图鉴点数:80,3,phase,2,第2阶段,第2阶段,,plant/model/v4/gold/Crop_257_2.png,https://jsq.gptvip.chat/images/plant/model/v4/gold/Crop_257_2.png,2,超变图鉴/黄金果实/黄金·孔雀草/黄金·孔雀草_02_第2阶段.png,downloaded
28,超变图鉴,黄金果实,黄金·孔雀草,+80,卖给商人后，可以获得金豆豆。,基础经验:1680 | 基础果实:10个 | 果实单价:— | 图鉴点数:80,4,phase,3,第3阶段,第3阶段,,plant/model/v4/gold/Crop_257_3.png,https://jsq.gptvip.chat/images/plant/model/v4/gold/Crop_257_3.png,3,超变图鉴/黄金果实/黄金·孔雀草/黄金·孔雀草_03_第3阶段.png,downloaded
28,超变图鉴,黄金果实,黄金·孔雀草,+80,卖给商人后，可以获得金豆豆。,基础经验:1680 | 基础果实:10个 | 果实单价:— | 图鉴点数:80,5,phase,4,第4阶段,第4阶段,,plant/model/v4/gold/Crop_257_4.png,https://jsq.gptvip.chat/images/plant/model/v4/gold/Crop_257_4.png,4,超变图鉴/黄金果实/黄金·孔雀草/黄金·孔雀草_04_第4阶段.png,downloaded
28,超变图鉴,黄金果实,黄金·孔雀草,+80,卖给商人后，可以获得金豆豆。,基础经验:1680 | 基础果实:10个 | 果实单价:— | 图鉴点数:80,6,phase,5,第5阶段,第5阶段,,plant/model/v4/gold/Crop_257_5.png,https://jsq.gptvip.chat/images/plant/model/v4/gold/Crop_257_5.png,5,超变图鉴/黄金果实/黄金·孔雀草/黄金·孔雀草_05_第5阶段.png,downloaded
28,超变图鉴,黄金果实,黄金·孔雀草,+80,卖给商人后，可以获得金豆豆。,基础经验:1680 | 基础果实:10个 | 果实单价:— | 图鉴点数:80,7,phase,6,第6阶段,第6阶段,,plant/model/v4/gold/Crop_257_6.png,https://jsq.gptvip.chat/images/plant/model/v4/gold/Crop_257_6.png,6,超变图鉴/黄金果实/黄金·孔雀草/黄金·孔雀草_06_第6阶段.png,downloaded
29,超变图鉴,黄金果实,黄金·欧石楠,+80,卖给商人后，可以获得金豆豆。,基础经验:1680 | 基础果实:10个 | 果实单价:— | 图鉴点数:80,1,main,,,黄金·欧石楠,,plant/model/v4/gold/Crop_258_6.png,https://jsq.gptvip.chat/images/plant/model/v4/gold/Crop_258_6.png,1,超变图鉴/黄金果实/黄金·欧石楠/黄金·欧石楠_00_主图.png,downloaded
29,超变图鉴,黄金果实,黄金·欧石楠,+80,卖给商人后，可以获得金豆豆。,基础经验:1680 | 基础果实:10个 | 果实单价:— | 图鉴点数:80,2,phase,1,第1阶段,第1阶段,,plant/model/v4/gold/Crop_258_Seed.png,https://jsq.gptvip.chat/images/plant/model/v4/gold/Crop_258_Seed.png,1,超变图鉴/黄金果实/黄金·欧石楠/黄金·欧石楠_01_第1阶段.png,downloaded
29,超变图鉴,黄金果实,黄金·欧石楠,+80,卖给商人后，可以获得金豆豆。,基础经验:1680 | 基础果实:10个 | 果实单价:— | 图鉴点数:80,3,phase,2,第2阶段,第2阶段,,plant/model/v4/gold/Crop_258_2.png,https://jsq.gptvip.chat/images/plant/model/v4/gold/Crop_258_2.png,2,超变图鉴/黄金果实/黄金·欧石楠/黄金·欧石楠_02_第2阶段.png,downloaded
29,超变图鉴,黄金果实,黄金·欧石楠,+80,卖给商人后，可以获得金豆豆。,基础经验:1680 | 基础果实:10个 | 果实单价:— | 图鉴点数:80,4,phase,3,第3阶段,第3阶段,,plant/model/v4/gold/Crop_258_3.png,https://jsq.gptvip.chat/images/plant/model/v4/gold/Crop_258_3.png,3,超变图鉴/黄金果实/黄金·欧石楠/黄金·欧石楠_03_第3阶段.png,downloaded
29,超变图鉴,黄金果实,黄金·欧石楠,+80,卖给商人后，可以获得金豆豆。,基础经验:1680 | 基础果实:10个 | 果实单价:— | 图鉴点数:80,5,phase,4,第4阶段,第4阶段,,plant/model/v4/gold/Crop_258_4.png,https://jsq.gptvip.chat/images/plant/model/v4/gold/Crop_258_4.png,4,超变图鉴/黄金果实/黄金·欧石楠/黄金·欧石楠_04_第4阶段.png,downloaded
29,超变图鉴,黄金果实,黄金·欧石楠,+80,卖给商人后，可以获得金豆豆。,基础经验:1680 | 基础果实:10个 | 果实单价:— | 图鉴点数:80,6,phase,5,第5阶段,第5阶段,,plant/model/v4/gold/Crop_258_5.png,https://jsq.gptvip.chat/images/plant/model/v4/gold/Crop_258_5.png,5,超变图鉴/黄金果实/黄金·欧石楠/黄金·欧石楠_05_第5阶段.png,downloaded
29,超变图鉴,黄金果实,黄金·欧石楠,+80,卖给商人后，可以获得金豆豆。,基础经验:1680 | 基础果实:10个 | 果实单价:— | 图鉴点数:80,7,phase,6,第6阶段,第6阶段,,plant/model/v4/gold/Crop_258_6.png,https://jsq.gptvip.chat/images/plant/model/v4/gold/Crop_258_6.png,6,超变图鉴/黄金果实/黄金·欧石楠/黄金·欧石楠_06_第6阶段.png,downloaded
30,超变图鉴,黄金果实,黄金·黄金果,+80,卖给商人后，可以获得金豆豆。,基础经验:1680 | 基础果实:10个 | 果实单价:— | 图鉴点数:80,1,main,,,黄金·黄金果,,plant/model/v4/gold/Crop_304_6.png,https://jsq.gptvip.chat/images/plant/model/v4/gold/Crop_304_6.png,1,超变图鉴/黄金果实/黄金·黄金果/黄金·黄金果_00_主图.png,downloaded
30,超变图鉴,黄金果实,黄金·黄金果,+80,卖给商人后，可以获得金豆豆。,基础经验:1680 | 基础果实:10个 | 果实单价:— | 图鉴点数:80,2,phase,1,第1阶段,第1阶段,,plant/model/v4/gold/Crop_304_Seed.png,https://jsq.gptvip.chat/images/plant/model/v4/gold/Crop_304_Seed.png,1,超变图鉴/黄金果实/黄金·黄金果/黄金·黄金果_01_第1阶段.png,downloaded
30,超变图鉴,黄金果实,黄金·黄金果,+80,卖给商人后，可以获得金豆豆。,基础经验:1680 | 基础果实:10个 | 果实单价:— | 图鉴点数:80,3,phase,2,第2阶段,第2阶段,,plant/model/v4/gold/Crop_304_2.png,https://jsq.gptvip.chat/images/plant/model/v4/gold/Crop_304_2.png,2,超变图鉴/黄金果实/黄金·黄金果/黄金·黄金果_02_第2阶段.png,downloaded
30,超变图鉴,黄金果实,黄金·黄金果,+80,卖给商人后，可以获得金豆豆。,基础经验:1680 | 基础果实:10个 | 果实单价:— | 图鉴点数:80,4,phase,3,第3阶段,第3阶段,,plant/model/v4/gold/Crop_304_3.png,https://jsq.gptvip.chat/images/plant/model/v4/gold/Crop_304_3.png,3,超变图鉴/黄金果实/黄金·黄金果/黄金·黄金果_03_第3阶段.png,downloaded
30,超变图鉴,黄金果实,黄金·黄金果,+80,卖给商人后，可以获得金豆豆。,基础经验:1680 | 基础果实:10个 | 果实单价:— | 图鉴点数:80,5,phase,4,第4阶段,第4阶段,,plant/model/v4/gold/Crop_304_4.png,https://jsq.gptvip.chat/images/plant/model/v4/gold/Crop_304_4.png,4,超变图鉴/黄金果实/黄金·黄金果/黄金·黄金果_04_第4阶段.png,downloaded
30,超变图鉴,黄金果实,黄金·黄金果,+80,卖给商人后，可以获得金豆豆。,基础经验:1680 | 基础果实:10个 | 果实单价:— | 图鉴点数:80,6,phase,5,第5阶段,第5阶段,,plant/model/v4/gold/Crop_304_5.png,https://jsq.gptvip.chat/images/plant/model/v4/gold/Crop_304_5.png,5,超变图鉴/黄金果实/黄金·黄金果/黄金·黄金果_05_第5阶段.png,downloaded
30,超变图鉴,黄金果实,黄金·黄金果,+80,卖给商人后，可以获得金豆豆。,基础经验:1680 | 基础果实:10个 | 果实单价:— | 图鉴点数:80,7,phase,6,第6阶段,第6阶段,,plant/model/v4/gold/Crop_304_6.png,https://jsq.gptvip.chat/images/plant/model/v4/gold/Crop_304_6.png,6,超变图鉴/黄金果实/黄金·黄金果/黄金·黄金果_06_第6阶段.png,downloaded
31,超变图鉴,黄金果实,黄金·地涌金莲,+80,卖给商人后，可以获得金豆豆。,基础经验:840 | 基础果实:10个 | 果实单价:— | 图鉴点数:80,1,main,,,黄金·地涌金莲,,plant/model/v4/gold/Crop_267_6.png,https://jsq.gptvip.chat/images/plant/model/v4/gold/Crop_267_6.png,1,超变图鉴/黄金果实/黄金·地涌金莲/黄金·地涌金莲_00_主图.png,downloaded
31,超变图鉴,黄金果实,黄金·地涌金莲,+80,卖给商人后，可以获得金豆豆。,基础经验:840 | 基础果实:10个 | 果实单价:— | 图鉴点数:80,2,phase,1,第1阶段,第1阶段,,plant/model/v4/gold/Crop_267_Seed.png,https://jsq.gptvip.chat/images/plant/model/v4/gold/Crop_267_Seed.png,1,超变图鉴/黄金果实/黄金·地涌金莲/黄金·地涌金莲_01_第1阶段.png,downloaded
31,超变图鉴,黄金果实,黄金·地涌金莲,+80,卖给商人后，可以获得金豆豆。,基础经验:840 | 基础果实:10个 | 果实单价:— | 图鉴点数:80,3,phase,2,第2阶段,第2阶段,,plant/model/v4/gold/Crop_267_2.png,https://jsq.gptvip.chat/images/plant/model/v4/gold/Crop_267_2.png,2,超变图鉴/黄金果实/黄金·地涌金莲/黄金·地涌金莲_02_第2阶段.png,downloaded
31,超变图鉴,黄金果实,黄金·地涌金莲,+80,卖给商人后，可以获得金豆豆。,基础经验:840 | 基础果实:10个 | 果实单价:— | 图鉴点数:80,4,phase,3,第3阶段,第3阶段,,plant/model/v4/gold/Crop_267_3.png,https://jsq.gptvip.chat/images/plant/model/v4/gold/Crop_267_3.png,3,超变图鉴/黄金果实/黄金·地涌金莲/黄金·地涌金莲_03_第3阶段.png,downloaded
31,超变图鉴,黄金果实,黄金·地涌金莲,+80,卖给商人后，可以获得金豆豆。,基础经验:840 | 基础果实:10个 | 果实单价:— | 图鉴点数:80,5,phase,4,第4阶段,第4阶段,,plant/model/v4/gold/Crop_267_4.png,https://jsq.gptvip.chat/images/plant/model/v4/gold/Crop_267_4.png,4,超变图鉴/黄金果实/黄金·地涌金莲/黄金·地涌金莲_04_第4阶段.png,downloaded
31,超变图鉴,黄金果实,黄金·地涌金莲,+80,卖给商人后，可以获得金豆豆。,基础经验:840 | 基础果实:10个 | 果实单价:— | 图鉴点数:80,6,phase,5,第5阶段,第5阶段,,plant/model/v4/gold/Crop_267_5.png,https://jsq.gptvip.chat/images/plant/model/v4/gold/Crop_267_5.png,5,超变图鉴/黄金果实/黄金·地涌金莲/黄金·地涌金莲_05_第5阶段.png,downloaded
31,超变图鉴,黄金果实,黄金·地涌金莲,+80,卖给商人后，可以获得金豆豆。,基础经验:840 | 基础果实:10个 | 果实单价:— | 图鉴点数:80,7,phase,6,第6阶段,第6阶段,,plant/model/v4/gold/Crop_267_6.png,https://jsq.gptvip.chat/images/plant/model/v4/gold/Crop_267_6.png,6,超变图鉴/黄金果实/黄金·地涌金莲/黄金·地涌金莲_06_第6阶段.png,downloaded
32,超变图鉴,黄金果实,黄金·繁星花,+80,卖给商人后，可以获得金豆豆。,基础经验:840 | 基础果实:10个 | 果实单价:— | 图鉴点数:80,1,main,,,黄金·繁星花,,plant/model/v4/gold/Crop_1044_6.png,https://jsq.gptvip.chat/images/plant/model/v4/gold/Crop_1044_6.png,1,超变图鉴/黄金果实/黄金·繁星花/黄金·繁星花_00_主图.png,downloaded
32,超变图鉴,黄金果实,黄金·繁星花,+80,卖给商人后，可以获得金豆豆。,基础经验:840 | 基础果实:10个 | 果实单价:— | 图鉴点数:80,2,phase,1,第1阶段,第1阶段,,plant/model/v4/gold/Crop_1044_Seed.png,https://jsq.gptvip.chat/images/plant/model/v4/gold/Crop_1044_Seed.png,1,超变图鉴/黄金果实/黄金·繁星花/黄金·繁星花_01_第1阶段.png,downloaded
32,超变图鉴,黄金果实,黄金·繁星花,+80,卖给商人后，可以获得金豆豆。,基础经验:840 | 基础果实:10个 | 果实单价:— | 图鉴点数:80,3,phase,2,第2阶段,第2阶段,,plant/model/v4/gold/Crop_1044_2.png,https://jsq.gptvip.chat/images/plant/model/v4/gold/Crop_1044_2.png,2,超变图鉴/黄金果实/黄金·繁星花/黄金·繁星花_02_第2阶段.png,downloaded
32,超变图鉴,黄金果实,黄金·繁星花,+80,卖给商人后，可以获得金豆豆。,基础经验:840 | 基础果实:10个 | 果实单价:— | 图鉴点数:80,4,phase,3,第3阶段,第3阶段,,plant/model/v4/gold/Crop_1044_3.png,https://jsq.gptvip.chat/images/plant/model/v4/gold/Crop_1044_3.png,3,超变图鉴/黄金果实/黄金·繁星花/黄金·繁星花_03_第3阶段.png,downloaded
32,超变图鉴,黄金果实,黄金·繁星花,+80,卖给商人后，可以获得金豆豆。,基础经验:840 | 基础果实:10个 | 果实单价:— | 图鉴点数:80,5,phase,4,第4阶段,第4阶段,,plant/model/v4/gold/Crop_1044_4.png,https://jsq.gptvip.chat/images/plant/model/v4/gold/Crop_1044_4.png,4,超变图鉴/黄金果实/黄金·繁星花/黄金·繁星花_04_第4阶段.png,downloaded
32,超变图鉴,黄金果实,黄金·繁星花,+80,卖给商人后，可以获得金豆豆。,基础经验:840 | 基础果实:10个 | 果实单价:— | 图鉴点数:80,6,phase,5,第5阶段,第5阶段,,plant/model/v4/gold/Crop_1044_5.png,https://jsq.gptvip.chat/images/plant/model/v4/gold/Crop_1044_5.png,5,超变图鉴/黄金果实/黄金·繁星花/黄金·繁星花_05_第5阶段.png,downloaded
32,超变图鉴,黄金果实,黄金·繁星花,+80,卖给商人后，可以获得金豆豆。,基础经验:840 | 基础果实:10个 | 果实单价:— | 图鉴点数:80,7,phase,6,第6阶段,第6阶段,,plant/model/v4/gold/Crop_1044_6.png,https://jsq.gptvip.chat/images/plant/model/v4/gold/Crop_1044_6.png,6,超变图鉴/黄金果实/黄金·繁星花/黄金·繁星花_06_第6阶段.png,downloaded
33,超变图鉴,黄金果实,黄金·香彩雀,+80,卖给商人后，可以获得金豆豆。,基础经验:840 | 基础果实:10个 | 果实单价:— | 图鉴点数:80,1,main,,,黄金·香彩雀,,plant/model/v4/gold/Crop_1038_6.png,https://jsq.gptvip.chat/images/plant/model/v4/gold/Crop_1038_6.png,1,超变图鉴/黄金果实/黄金·香彩雀/黄金·香彩雀_00_主图.png,downloaded
33,超变图鉴,黄金果实,黄金·香彩雀,+80,卖给商人后，可以获得金豆豆。,基础经验:840 | 基础果实:10个 | 果实单价:— | 图鉴点数:80,2,phase,1,第1阶段,第1阶段,,plant/model/v4/gold/Crop_1038_Seed.png,https://jsq.gptvip.chat/images/plant/model/v4/gold/Crop_1038_Seed.png,1,超变图鉴/黄金果实/黄金·香彩雀/黄金·香彩雀_01_第1阶段.png,downloaded
33,超变图鉴,黄金果实,黄金·香彩雀,+80,卖给商人后，可以获得金豆豆。,基础经验:840 | 基础果实:10个 | 果实单价:— | 图鉴点数:80,3,phase,2,第2阶段,第2阶段,,plant/model/v4/gold/Crop_1038_2.png,https://jsq.gptvip.chat/images/plant/model/v4/gold/Crop_1038_2.png,2,超变图鉴/黄金果实/黄金·香彩雀/黄金·香彩雀_02_第2阶段.png,downloaded
33,超变图鉴,黄金果实,黄金·香彩雀,+80,卖给商人后，可以获得金豆豆。,基础经验:840 | 基础果实:10个 | 果实单价:— | 图鉴点数:80,4,phase,3,第3阶段,第3阶段,,plant/model/v4/gold/Crop_1038_3.png,https://jsq.gptvip.chat/images/plant/model/v4/gold/Crop_1038_3.png,3,超变图鉴/黄金果实/黄金·香彩雀/黄金·香彩雀_03_第3阶段.png,downloaded
33,超变图鉴,黄金果实,黄金·香彩雀,+80,卖给商人后，可以获得金豆豆。,基础经验:840 | 基础果实:10个 | 果实单价:— | 图鉴点数:80,5,phase,4,第4阶段,第4阶段,,plant/model/v4/gold/Crop_1038_4.png,https://jsq.gptvip.chat/images/plant/model/v4/gold/Crop_1038_4.png,4,超变图鉴/黄金果实/黄金·香彩雀/黄金·香彩雀_04_第4阶段.png,downloaded
33,超变图鉴,黄金果实,黄金·香彩雀,+80,卖给商人后，可以获得金豆豆。,基础经验:840 | 基础果实:10个 | 果实单价:— | 图鉴点数:80,6,phase,5,第5阶段,第5阶段,,plant/model/v4/gold/Crop_1038_5.png,https://jsq.gptvip.chat/images/plant/model/v4/gold/Crop_1038_5.png,5,超变图鉴/黄金果实/黄金·香彩雀/黄金·香彩雀_05_第5阶段.png,downloaded
33,超变图鉴,黄金果实,黄金·香彩雀,+80,卖给商人后，可以获得金豆豆。,基础经验:840 | 基础果实:10个 | 果实单价:— | 图鉴点数:80,7,phase,6,第6阶段,第6阶段,,plant/model/v4/gold/Crop_1038_6.png,https://jsq.gptvip.chat/images/plant/model/v4/gold/Crop_1038_6.png,6,超变图鉴/黄金果实/黄金·香彩雀/黄金·香彩雀_06_第6阶段.png,downloaded
34,超变图鉴,黄金果实,黄金·荷青花,+80,卖给商人后，可以获得金豆豆。,基础经验:840 | 基础果实:10个 | 果实单价:— | 图鉴点数:80,1,main,,,黄金·荷青花,,plant/model/v4/gold/Crop_1474_6.png,https://jsq.gptvip.chat/images/plant/model/v4/gold/Crop_1474_6.png,1,超变图鉴/黄金果实/黄金·荷青花/黄金·荷青花_00_主图.png,downloaded
34,超变图鉴,黄金果实,黄金·荷青花,+80,卖给商人后，可以获得金豆豆。,基础经验:840 | 基础果实:10个 | 果实单价:— | 图鉴点数:80,2,phase,1,第1阶段,第1阶段,,plant/model/v4/gold/Crop_1474_Seed.png,https://jsq.gptvip.chat/images/plant/model/v4/gold/Crop_1474_Seed.png,1,超变图鉴/黄金果实/黄金·荷青花/黄金·荷青花_01_第1阶段.png,downloaded
34,超变图鉴,黄金果实,黄金·荷青花,+80,卖给商人后，可以获得金豆豆。,基础经验:840 | 基础果实:10个 | 果实单价:— | 图鉴点数:80,3,phase,2,第2阶段,第2阶段,,plant/model/v4/gold/Crop_1474_2.png,https://jsq.gptvip.chat/images/plant/model/v4/gold/Crop_1474_2.png,2,超变图鉴/黄金果实/黄金·荷青花/黄金·荷青花_02_第2阶段.png,downloaded
34,超变图鉴,黄金果实,黄金·荷青花,+80,卖给商人后，可以获得金豆豆。,基础经验:840 | 基础果实:10个 | 果实单价:— | 图鉴点数:80,4,phase,3,第3阶段,第3阶段,,plant/model/v4/gold/Crop_1474_3.png,https://jsq.gptvip.chat/images/plant/model/v4/gold/Crop_1474_3.png,3,超变图鉴/黄金果实/黄金·荷青花/黄金·荷青花_03_第3阶段.png,downloaded
34,超变图鉴,黄金果实,黄金·荷青花,+80,卖给商人后，可以获得金豆豆。,基础经验:840 | 基础果实:10个 | 果实单价:— | 图鉴点数:80,5,phase,4,第4阶段,第4阶段,,plant/model/v4/gold/Crop_1474_4.png,https://jsq.gptvip.chat/images/plant/model/v4/gold/Crop_1474_4.png,4,超变图鉴/黄金果实/黄金·荷青花/黄金·荷青花_04_第4阶段.png,downloaded
34,超变图鉴,黄金果实,黄金·荷青花,+80,卖给商人后，可以获得金豆豆。,基础经验:840 | 基础果实:10个 | 果实单价:— | 图鉴点数:80,6,phase,5,第5阶段,第5阶段,,plant/model/v4/gold/Crop_1474_5.png,https://jsq.gptvip.chat/images/plant/model/v4/gold/Crop_1474_5.png,5,超变图鉴/黄金果实/黄金·荷青花/黄金·荷青花_05_第5阶段.png,downloaded
34,超变图鉴,黄金果实,黄金·荷青花,+80,卖给商人后，可以获得金豆豆。,基础经验:840 | 基础果实:10个 | 果实单价:— | 图鉴点数:80,7,phase,6,第6阶段,第6阶段,,plant/model/v4/gold/Crop_1474_6.png,https://jsq.gptvip.chat/images/plant/model/v4/gold/Crop_1474_6.png,6,超变图鉴/黄金果实/黄金·荷青花/黄金·荷青花_06_第6阶段.png,downloaded
35,超变图鉴,黄金果实,黄金·芹叶铁线莲,+80,卖给商人后，可以获得金豆豆。,基础经验:840 | 基础果实:10个 | 果实单价:— | 图鉴点数:80,1,main,,,黄金·芹叶铁线莲,,plant/model/v4/gold/Crop_243_6.png,https://jsq.gptvip.chat/images/plant/model/v4/gold/Crop_243_6.png,1,超变图鉴/黄金果实/黄金·芹叶铁线莲/黄金·芹叶铁线莲_00_主图.png,downloaded
35,超变图鉴,黄金果实,黄金·芹叶铁线莲,+80,卖给商人后，可以获得金豆豆。,基础经验:840 | 基础果实:10个 | 果实单价:— | 图鉴点数:80,2,phase,1,第1阶段,第1阶段,,plant/model/v4/gold/Crop_243_Seed.png,https://jsq.gptvip.chat/images/plant/model/v4/gold/Crop_243_Seed.png,1,超变图鉴/黄金果实/黄金·芹叶铁线莲/黄金·芹叶铁线莲_01_第1阶段.png,downloaded
35,超变图鉴,黄金果实,黄金·芹叶铁线莲,+80,卖给商人后，可以获得金豆豆。,基础经验:840 | 基础果实:10个 | 果实单价:— | 图鉴点数:80,3,phase,2,第2阶段,第2阶段,,plant/model/v4/gold/Crop_243_2.png,https://jsq.gptvip.chat/images/plant/model/v4/gold/Crop_243_2.png,2,超变图鉴/黄金果实/黄金·芹叶铁线莲/黄金·芹叶铁线莲_02_第2阶段.png,downloaded
35,超变图鉴,黄金果实,黄金·芹叶铁线莲,+80,卖给商人后，可以获得金豆豆。,基础经验:840 | 基础果实:10个 | 果实单价:— | 图鉴点数:80,4,phase,3,第3阶段,第3阶段,,plant/model/v4/gold/Crop_243_3.png,https://jsq.gptvip.chat/images/plant/model/v4/gold/Crop_243_3.png,3,超变图鉴/黄金果实/黄金·芹叶铁线莲/黄金·芹叶铁线莲_03_第3阶段.png,downloaded
35,超变图鉴,黄金果实,黄金·芹叶铁线莲,+80,卖给商人后，可以获得金豆豆。,基础经验:840 | 基础果实:10个 | 果实单价:— | 图鉴点数:80,5,phase,4,第4阶段,第4阶段,,plant/model/v4/gold/Crop_243_4.png,https://jsq.gptvip.chat/images/plant/model/v4/gold/Crop_243_4.png,4,超变图鉴/黄金果实/黄金·芹叶铁线莲/黄金·芹叶铁线莲_04_第4阶段.png,downloaded
35,超变图鉴,黄金果实,黄金·芹叶铁线莲,+80,卖给商人后，可以获得金豆豆。,基础经验:840 | 基础果实:10个 | 果实单价:— | 图鉴点数:80,6,phase,5,第5阶段,第5阶段,,plant/model/v4/gold/Crop_243_5.png,https://jsq.gptvip.chat/images/plant/model/v4/gold/Crop_243_5.png,5,超变图鉴/黄金果实/黄金·芹叶铁线莲/黄金·芹叶铁线莲_05_第5阶段.png,downloaded
35,超变图鉴,黄金果实,黄金·芹叶铁线莲,+80,卖给商人后，可以获得金豆豆。,基础经验:840 | 基础果实:10个 | 果实单价:— | 图鉴点数:80,7,phase,6,第6阶段,第6阶段,,plant/model/v4/gold/Crop_243_6.png,https://jsq.gptvip.chat/images/plant/model/v4/gold/Crop_243_6.png,6,超变图鉴/黄金果实/黄金·芹叶铁线莲/黄金·芹叶铁线莲_06_第6阶段.png,downloaded
36,超变图鉴,黄金果实,黄金·菖蒲,+80,卖给商人后，可以获得金豆豆。,基础经验:840 | 基础果实:10个 | 果实单价:— | 图鉴点数:80,1,main,,,黄金·菖蒲,,plant/model/v4/gold/Crop_1134_6.png,https://jsq.gptvip.chat/images/plant/model/v4/gold/Crop_1134_6.png,1,超变图鉴/黄金果实/黄金·菖蒲/黄金·菖蒲_00_主图.png,downloaded
36,超变图鉴,黄金果实,黄金·菖蒲,+80,卖给商人后，可以获得金豆豆。,基础经验:840 | 基础果实:10个 | 果实单价:— | 图鉴点数:80,2,phase,1,第1阶段,第1阶段,,plant/model/v4/gold/Crop_1134_Seed.png,https://jsq.gptvip.chat/images/plant/model/v4/gold/Crop_1134_Seed.png,1,超变图鉴/黄金果实/黄金·菖蒲/黄金·菖蒲_01_第1阶段.png,downloaded
36,超变图鉴,黄金果实,黄金·菖蒲,+80,卖给商人后，可以获得金豆豆。,基础经验:840 | 基础果实:10个 | 果实单价:— | 图鉴点数:80,3,phase,2,第2阶段,第2阶段,,plant/model/v4/gold/Crop_1134_2.png,https://jsq.gptvip.chat/images/plant/model/v4/gold/Crop_1134_2.png,2,超变图鉴/黄金果实/黄金·菖蒲/黄金·菖蒲_02_第2阶段.png,downloaded
36,超变图鉴,黄金果实,黄金·菖蒲,+80,卖给商人后，可以获得金豆豆。,基础经验:840 | 基础果实:10个 | 果实单价:— | 图鉴点数:80,4,phase,3,第3阶段,第3阶段,,plant/model/v4/gold/Crop_1134_3.png,https://jsq.gptvip.chat/images/plant/model/v4/gold/Crop_1134_3.png,3,超变图鉴/黄金果实/黄金·菖蒲/黄金·菖蒲_03_第3阶段.png,downloaded
36,超变图鉴,黄金果实,黄金·菖蒲,+80,卖给商人后，可以获得金豆豆。,基础经验:840 | 基础果实:10个 | 果实单价:— | 图鉴点数:80,5,phase,4,第4阶段,第4阶段,,plant/model/v4/gold/Crop_1134_4.png,https://jsq.gptvip.chat/images/plant/model/v4/gold/Crop_1134_4.png,4,超变图鉴/黄金果实/黄金·菖蒲/黄金·菖蒲_04_第4阶段.png,downloaded
36,超变图鉴,黄金果实,黄金·菖蒲,+80,卖给商人后，可以获得金豆豆。,基础经验:840 | 基础果实:10个 | 果实单价:— | 图鉴点数:80,6,phase,5,第5阶段,第5阶段,,plant/model/v4/gold/Crop_1134_5.png,https://jsq.gptvip.chat/images/plant/model/v4/gold/Crop_1134_5.png,5,超变图鉴/黄金果实/黄金·菖蒲/黄金·菖蒲_05_第5阶段.png,downloaded
36,超变图鉴,黄金果实,黄金·菖蒲,+80,卖给商人后，可以获得金豆豆。,基础经验:840 | 基础果实:10个 | 果实单价:— | 图鉴点数:80,7,phase,6,第6阶段,第6阶段,,plant/model/v4/gold/Crop_1134_6.png,https://jsq.gptvip.chat/images/plant/model/v4/gold/Crop_1134_6.png,6,超变图鉴/黄金果实/黄金·菖蒲/黄金·菖蒲_06_第6阶段.png,downloaded
37,超变图鉴,黄金果实,黄金·凌霄花,+80,卖给商人后，可以获得金豆豆。,基础经验:840 | 基础果实:10个 | 果实单价:— | 图鉴点数:80,1,main,,,黄金·凌霄花,,plant/model/v4/gold/Crop_6127_6.png,https://jsq.gptvip.chat/images/plant/model/v4/gold/Crop_6127_6.png,1,超变图鉴/黄金果实/黄金·凌霄花/黄金·凌霄花_00_主图.png,downloaded
37,超变图鉴,黄金果实,黄金·凌霄花,+80,卖给商人后，可以获得金豆豆。,基础经验:840 | 基础果实:10个 | 果实单价:— | 图鉴点数:80,2,phase,1,第1阶段,第1阶段,,plant/model/v4/gold/Crop_6127_Seed.png,https://jsq.gptvip.chat/images/plant/model/v4/gold/Crop_6127_Seed.png,1,超变图鉴/黄金果实/黄金·凌霄花/黄金·凌霄花_01_第1阶段.png,downloaded
37,超变图鉴,黄金果实,黄金·凌霄花,+80,卖给商人后，可以获得金豆豆。,基础经验:840 | 基础果实:10个 | 果实单价:— | 图鉴点数:80,3,phase,2,第2阶段,第2阶段,,plant/model/v4/gold/Crop_6127_2.png,https://jsq.gptvip.chat/images/plant/model/v4/gold/Crop_6127_2.png,2,超变图鉴/黄金果实/黄金·凌霄花/黄金·凌霄花_02_第2阶段.png,downloaded
37,超变图鉴,黄金果实,黄金·凌霄花,+80,卖给商人后，可以获得金豆豆。,基础经验:840 | 基础果实:10个 | 果实单价:— | 图鉴点数:80,4,phase,3,第3阶段,第3阶段,,plant/model/v4/gold/Crop_6127_3.png,https://jsq.gptvip.chat/images/plant/model/v4/gold/Crop_6127_3.png,3,超变图鉴/黄金果实/黄金·凌霄花/黄金·凌霄花_03_第3阶段.png,downloaded
37,超变图鉴,黄金果实,黄金·凌霄花,+80,卖给商人后，可以获得金豆豆。,基础经验:840 | 基础果实:10个 | 果实单价:— | 图鉴点数:80,5,phase,4,第4阶段,第4阶段,,plant/model/v4/gold/Crop_6127_4.png,https://jsq.gptvip.chat/images/plant/model/v4/gold/Crop_6127_4.png,4,超变图鉴/黄金果实/黄金·凌霄花/黄金·凌霄花_04_第4阶段.png,downloaded
37,超变图鉴,黄金果实,黄金·凌霄花,+80,卖给商人后，可以获得金豆豆。,基础经验:840 | 基础果实:10个 | 果实单价:— | 图鉴点数:80,6,phase,5,第5阶段,第5阶段,,plant/model/v4/gold/Crop_6127_5.png,https://jsq.gptvip.chat/images/plant/model/v4/gold/Crop_6127_5.png,5,超变图鉴/黄金果实/黄金·凌霄花/黄金·凌霄花_05_第5阶段.png,downloaded
37,超变图鉴,黄金果实,黄金·凌霄花,+80,卖给商人后，可以获得金豆豆。,基础经验:840 | 基础果实:10个 | 果实单价:— | 图鉴点数:80,7,phase,6,第6阶段,第6阶段,,plant/model/v4/gold/Crop_6127_6.png,https://jsq.gptvip.chat/images/plant/model/v4/gold/Crop_6127_6.png,6,超变图鉴/黄金果实/黄金·凌霄花/黄金·凌霄花_06_第6阶段.png,downloaded
38,超变图鉴,黄金果实,黄金·爱心果,+200,卖给商人后，可以获得金豆豆。,基础经验:3840 | 基础果实:10个 | 果实单价:— | 图鉴点数:200,1,main,,,黄金·爱心果,,plant/model/v4/gold/Crop_46_6.png,https://jsq.gptvip.chat/images/plant/model/v4/gold/Crop_46_6.png,1,超变图鉴/黄金果实/黄金·爱心果/黄金·爱心果_00_主图.png,downloaded
38,超变图鉴,黄金果实,黄金·爱心果,+200,卖给商人后，可以获得金豆豆。,基础经验:3840 | 基础果实:10个 | 果实单价:— | 图鉴点数:200,2,phase,1,第1阶段,第1阶段,,plant/model/v4/gold/Crop_46_Seed.png,https://jsq.gptvip.chat/images/plant/model/v4/gold/Crop_46_Seed.png,1,超变图鉴/黄金果实/黄金·爱心果/黄金·爱心果_01_第1阶段.png,downloaded
38,超变图鉴,黄金果实,黄金·爱心果,+200,卖给商人后，可以获得金豆豆。,基础经验:3840 | 基础果实:10个 | 果实单价:— | 图鉴点数:200,3,phase,2,第2阶段,第2阶段,,plant/model/v4/gold/Crop_46_2.png,https://jsq.gptvip.chat/images/plant/model/v4/gold/Crop_46_2.png,2,超变图鉴/黄金果实/黄金·爱心果/黄金·爱心果_02_第2阶段.png,downloaded
38,超变图鉴,黄金果实,黄金·爱心果,+200,卖给商人后，可以获得金豆豆。,基础经验:3840 | 基础果实:10个 | 果实单价:— | 图鉴点数:200,4,phase,3,第3阶段,第3阶段,,plant/model/v4/gold/Crop_46_3.png,https://jsq.gptvip.chat/images/plant/model/v4/gold/Crop_46_3.png,3,超变图鉴/黄金果实/黄金·爱心果/黄金·爱心果_03_第3阶段.png,downloaded
38,超变图鉴,黄金果实,黄金·爱心果,+200,卖给商人后，可以获得金豆豆。,基础经验:3840 | 基础果实:10个 | 果实单价:— | 图鉴点数:200,5,phase,4,第4阶段,第4阶段,,plant/model/v4/gold/Crop_46_4.png,https://jsq.gptvip.chat/images/plant/model/v4/gold/Crop_46_4.png,4,超变图鉴/黄金果实/黄金·爱心果/黄金·爱心果_04_第4阶段.png,downloaded
38,超变图鉴,黄金果实,黄金·爱心果,+200,卖给商人后，可以获得金豆豆。,基础经验:3840 | 基础果实:10个 | 果实单价:— | 图鉴点数:200,6,phase,5,第5阶段,第5阶段,,plant/model/v4/gold/Crop_46_5.png,https://jsq.gptvip.chat/images/plant/model/v4/gold/Crop_46_5.png,5,超变图鉴/黄金果实/黄金·爱心果/黄金·爱心果_05_第5阶段.png,downloaded
38,超变图鉴,黄金果实,黄金·爱心果,+200,卖给商人后，可以获得金豆豆。,基础经验:3840 | 基础果实:10个 | 果实单价:— | 图鉴点数:200,7,phase,6,第6阶段,第6阶段,,plant/model/v4/gold/Crop_46_6.png,https://jsq.gptvip.chat/images/plant/model/v4/gold/Crop_46_6.png,6,超变图鉴/黄金果实/黄金·爱心果/黄金·爱心果_06_第6阶段.png,downloaded
39,超变图鉴,黄金果实,黄金·哈哈南瓜,+200,卖给商人后，可以获得金豆豆。 | 活动结束后出售,基础经验:15360 | 基础果实:10个 | 果实单价:— | 图鉴点数:200,1,main,,,黄金·哈哈南瓜,,plant/model/v4/gold/Crop_416_Seed.png,https://jsq.gptvip.chat/images/plant/model/v4/gold/Crop_416_Seed.png,1,超变图鉴/黄金果实/黄金·哈哈南瓜/黄金·哈哈南瓜_00_主图.png,downloaded
39,超变图鉴,黄金果实,黄金·哈哈南瓜,+200,卖给商人后，可以获得金豆豆。 | 活动结束后出售,基础经验:15360 | 基础果实:10个 | 果实单价:— | 图鉴点数:200,2,phase,1,第1阶段,第1阶段,,plant/model/v4/gold/Crop_416_Seed.png,https://jsq.gptvip.chat/images/plant/model/v4/gold/Crop_416_Seed.png,1,超变图鉴/黄金果实/黄金·哈哈南瓜/黄金·哈哈南瓜_01_第1阶段.png,downloaded
40,超变图鉴,黄金果实,黄金·琉璃宝荷,+200,卖给商人后，可以获得金豆豆。,基础经验:7680 | 基础果实:10个 | 果实单价:— | 图鉴点数:200,1,main,,,黄金·琉璃宝荷,,plant/model/v4/gold/Crop_1032_6.png,https://jsq.gptvip.chat/images/plant/model/v4/gold/Crop_1032_6.png,1,超变图鉴/黄金果实/黄金·琉璃宝荷/黄金·琉璃宝荷_00_主图.png,downloaded
40,超变图鉴,黄金果实,黄金·琉璃宝荷,+200,卖给商人后，可以获得金豆豆。,基础经验:7680 | 基础果实:10个 | 果实单价:— | 图鉴点数:200,2,phase,1,第1阶段,第1阶段,,plant/model/v4/gold/Crop_1032_Seed.png,https://jsq.gptvip.chat/images/plant/model/v4/gold/Crop_1032_Seed.png,1,超变图鉴/黄金果实/黄金·琉璃宝荷/黄金·琉璃宝荷_01_第1阶段.png,downloaded
40,超变图鉴,黄金果实,黄金·琉璃宝荷,+200,卖给商人后，可以获得金豆豆。,基础经验:7680 | 基础果实:10个 | 果实单价:— | 图鉴点数:200,3,phase,2,第2阶段,第2阶段,,plant/model/v4/gold/Crop_1032_2.png,https://jsq.gptvip.chat/images/plant/model/v4/gold/Crop_1032_2.png,2,超变图鉴/黄金果实/黄金·琉璃宝荷/黄金·琉璃宝荷_02_第2阶段.png,downloaded
40,超变图鉴,黄金果实,黄金·琉璃宝荷,+200,卖给商人后，可以获得金豆豆。,基础经验:7680 | 基础果实:10个 | 果实单价:— | 图鉴点数:200,4,phase,3,第3阶段,第3阶段,,plant/model/v4/gold/Crop_1032_3.png,https://jsq.gptvip.chat/images/plant/model/v4/gold/Crop_1032_3.png,3,超变图鉴/黄金果实/黄金·琉璃宝荷/黄金·琉璃宝荷_03_第3阶段.png,downloaded
40,超变图鉴,黄金果实,黄金·琉璃宝荷,+200,卖给商人后，可以获得金豆豆。,基础经验:7680 | 基础果实:10个 | 果实单价:— | 图鉴点数:200,5,phase,4,第4阶段,第4阶段,,plant/model/v4/gold/Crop_1032_4.png,https://jsq.gptvip.chat/images/plant/model/v4/gold/Crop_1032_4.png,4,超变图鉴/黄金果实/黄金·琉璃宝荷/黄金·琉璃宝荷_04_第4阶段.png,downloaded
40,超变图鉴,黄金果实,黄金·琉璃宝荷,+200,卖给商人后，可以获得金豆豆。,基础经验:7680 | 基础果实:10个 | 果实单价:— | 图鉴点数:200,6,phase,5,第5阶段,第5阶段,,plant/model/v4/gold/Crop_1032_5.png,https://jsq.gptvip.chat/images/plant/model/v4/gold/Crop_1032_5.png,5,超变图鉴/黄金果实/黄金·琉璃宝荷/黄金·琉璃宝荷_05_第5阶段.png,downloaded
40,超变图鉴,黄金果实,黄金·琉璃宝荷,+200,卖给商人后，可以获得金豆豆。,基础经验:7680 | 基础果实:10个 | 果实单价:— | 图鉴点数:200,7,phase,6,第6阶段,第6阶段,,plant/model/v4/gold/Crop_1032_6.png,https://jsq.gptvip.chat/images/plant/model/v4/gold/Crop_1032_6.png,6,超变图鉴/黄金果实/黄金·琉璃宝荷/黄金·琉璃宝荷_06_第6阶段.png,downloaded
41,超变图鉴,装扮果实,哈哈南瓜塔,+200,卖给商人后，可以获得金币。 | 活动结束后出售,基础经验:15360 | 基础果实:1个 | 果实单价:— | 图鉴点数:200,1,main,,,哈哈南瓜塔,,plant/model/v4/Crop_8001_6.png,https://jsq.gptvip.chat/images/plant/model/v4/Crop_8001_6.png,1,超变图鉴/装扮果实/哈哈南瓜塔/哈哈南瓜塔_00_主图.png,downloaded
41,超变图鉴,装扮果实,哈哈南瓜塔,+200,卖给商人后，可以获得金币。 | 活动结束后出售,基础经验:15360 | 基础果实:1个 | 果实单价:— | 图鉴点数:200,2,phase,1,第1阶段,第1阶段,,plant/model/v4/Crop_8001_Seed.png,https://jsq.gptvip.chat/images/plant/model/v4/Crop_8001_Seed.png,1,超变图鉴/装扮果实/哈哈南瓜塔/哈哈南瓜塔_01_第1阶段.png,downloaded
41,超变图鉴,装扮果实,哈哈南瓜塔,+200,卖给商人后，可以获得金币。 | 活动结束后出售,基础经验:15360 | 基础果实:1个 | 果实单价:— | 图鉴点数:200,3,phase,2,第2阶段,第2阶段,,plant/model/v4/Crop_8001_2.png,https://jsq.gptvip.chat/images/plant/model/v4/Crop_8001_2.png,2,超变图鉴/装扮果实/哈哈南瓜塔/哈哈南瓜塔_02_第2阶段.png,downloaded
41,超变图鉴,装扮果实,哈哈南瓜塔,+200,卖给商人后，可以获得金币。 | 活动结束后出售,基础经验:15360 | 基础果实:1个 | 果实单价:— | 图鉴点数:200,4,phase,3,第3阶段,第3阶段,,plant/model/v4/Crop_8001_3.png,https://jsq.gptvip.chat/images/plant/model/v4/Crop_8001_3.png,3,超变图鉴/装扮果实/哈哈南瓜塔/哈哈南瓜塔_03_第3阶段.png,downloaded
41,超变图鉴,装扮果实,哈哈南瓜塔,+200,卖给商人后，可以获得金币。 | 活动结束后出售,基础经验:15360 | 基础果实:1个 | 果实单价:— | 图鉴点数:200,5,phase,4,第4阶段,第4阶段,,plant/model/v4/Crop_8001_4.png,https://jsq.gptvip.chat/images/plant/model/v4/Crop_8001_4.png,4,超变图鉴/装扮果实/哈哈南瓜塔/哈哈南瓜塔_04_第4阶段.png,downloaded
41,超变图鉴,装扮果实,哈哈南瓜塔,+200,卖给商人后，可以获得金币。 | 活动结束后出售,基础经验:15360 | 基础果实:1个 | 果实单价:— | 图鉴点数:200,6,phase,5,第5阶段,第5阶段,,plant/model/v4/Crop_8001_5.png,https://jsq.gptvip.chat/images/plant/model/v4/Crop_8001_5.png,5,超变图鉴/装扮果实/哈哈南瓜塔/哈哈南瓜塔_05_第5阶段.png,downloaded
41,超变图鉴,装扮果实,哈哈南瓜塔,+200,卖给商人后，可以获得金币。 | 活动结束后出售,基础经验:15360 | 基础果实:1个 | 果实单价:— | 图鉴点数:200,7,phase,6,第6阶段,第6阶段,,plant/model/v4/Crop_8001_6.png,https://jsq.gptvip.chat/images/plant/model/v4/Crop_8001_6.png,6,超变图鉴/装扮果实/哈哈南瓜塔/哈哈南瓜塔_06_第6阶段.png,downloaded
42,超变图鉴,装扮果实,黄金·哈哈南瓜塔,+400,卖给商人后，可以获得金豆豆。 | 活动结束后出售,基础经验:15360 | 基础果实:1个 | 果实单价:— | 图鉴点数:400,1,main,,,黄金·哈哈南瓜塔,,plant/model/v4/gold/Crop_8001_Seed.png,https://jsq.gptvip.chat/images/plant/model/v4/gold/Crop_8001_Seed.png,1,超变图鉴/装扮果实/黄金·哈哈南瓜塔/黄金·哈哈南瓜塔_00_主图.png,downloaded
42,超变图鉴,装扮果实,黄金·哈哈南瓜塔,+400,卖给商人后，可以获得金豆豆。 | 活动结束后出售,基础经验:15360 | 基础果实:1个 | 果实单价:— | 图鉴点数:400,2,phase,1,第1阶段,第1阶段,,plant/model/v4/gold/Crop_8001_Seed.png,https://jsq.gptvip.chat/images/plant/model/v4/gold/Crop_8001_Seed.png,1,超变图鉴/装扮果实/黄金·哈哈南瓜塔/黄金·哈哈南瓜塔_01_第1阶段.png,downloaded
43,超变图鉴,装扮果实,月华宝荷,+200,卖给商人后，可以获得金币。,基础经验:7680 | 基础果实:1个 | 果实单价:— | 图鉴点数:200,1,main,,,月华宝荷,,plant/model/v4/Crop_8002_Seed.png,https://jsq.gptvip.chat/images/plant/model/v4/Crop_8002_Seed.png,1,超变图鉴/装扮果实/月华宝荷/月华宝荷_00_主图.png,downloaded
43,超变图鉴,装扮果实,月华宝荷,+200,卖给商人后，可以获得金币。,基础经验:7680 | 基础果实:1个 | 果实单价:— | 图鉴点数:200,2,phase,1,第1阶段,第1阶段,,plant/model/v4/Crop_8002_Seed.png,https://jsq.gptvip.chat/images/plant/model/v4/Crop_8002_Seed.png,1,超变图鉴/装扮果实/月华宝荷/月华宝荷_01_第1阶段.png,downloaded
44,超变图鉴,装扮果实,黄金·月华宝荷,+400,卖给商人后，可以获得金豆豆。,基础经验:7680 | 基础果实:1个 | 果实单价:— | 图鉴点数:400,1,main,,,黄金·月华宝荷,,plant/model/v4/gold/Crop_8002_Seed.png,https://jsq.gptvip.chat/images/plant/model/v4/gold/Crop_8002_Seed.png,1,超变图鉴/装扮果实/黄金·月华宝荷/黄金·月华宝荷_00_主图.png,downloaded
44,超变图鉴,装扮果实,黄金·月华宝荷,+400,卖给商人后，可以获得金豆豆。,基础经验:7680 | 基础果实:1个 | 果实单价:— | 图鉴点数:400,2,phase,1,第1阶段,第1阶段,,plant/model/v4/gold/Crop_8002_Seed.png,https://jsq.gptvip.chat/images/plant/model/v4/gold/Crop_8002_Seed.png,1,超变图鉴/装扮果实/黄金·月华宝荷/黄金·月华宝荷_01_第1阶段.png,downloaded
45,超变图鉴,活动果实,哈哈小南瓜,+80,卖给商人后，可以获得金币。 | 活动结束后出售,基础经验:1680 | 基础果实:10个 | 果实单价:— | 图鉴点数:80,1,main,,,哈哈小南瓜,,plant/model/v4/Crop_9001_Seed.png,https://jsq.gptvip.chat/images/plant/model/v4/Crop_9001_Seed.png,1,超变图鉴/活动果实/哈哈小南瓜/哈哈小南瓜_00_主图.png,downloaded
45,超变图鉴,活动果实,哈哈小南瓜,+80,卖给商人后，可以获得金币。 | 活动结束后出售,基础经验:1680 | 基础果实:10个 | 果实单价:— | 图鉴点数:80,2,phase,1,第1阶段,第1阶段,,plant/model/v4/Crop_9001_Seed.png,https://jsq.gptvip.chat/images/plant/model/v4/Crop_9001_Seed.png,1,超变图鉴/活动果实/哈哈小南瓜/哈哈小南瓜_01_第1阶段.png,downloaded
46,超变图鉴,活动果实,黄金·哈哈小南瓜,+160,卖给商人后，可以获得金豆豆。 | 活动结束后出售,基础经验:1680 | 基础果实:10个 | 果实单价:— | 图鉴点数:160,1,main,,,黄金·哈哈小南瓜,,plant/model/v4/gold/Crop_9001_Seed.png,https://jsq.gptvip.chat/images/plant/model/v4/gold/Crop_9001_Seed.png,1,超变图鉴/活动果实/黄金·哈哈小南瓜/黄金·哈哈小南瓜_00_主图.png,downloaded
46,超变图鉴,活动果实,黄金·哈哈小南瓜,+160,卖给商人后，可以获得金豆豆。 | 活动结束后出售,基础经验:1680 | 基础果实:10个 | 果实单价:— | 图鉴点数:160,2,phase,1,第1阶段,第1阶段,,plant/model/v4/gold/Crop_9001_Seed.png,https://jsq.gptvip.chat/images/plant/model/v4/gold/Crop_9001_Seed.png,1,超变图鉴/活动果实/黄金·哈哈小南瓜/黄金·哈哈小南瓜_01_第1阶段.png,downloaded
47,超变图鉴,活动果实,绵绵糖果,+40,卖给商人后，可以获得金豆豆。,基础经验:960 | 基础果实:10个 | 果实单价:— | 图鉴点数:40,1,main,,,绵绵糖果,,plant/model/v4/Crop_804_6.png,https://jsq.gptvip.chat/images/plant/model/v4/Crop_804_6.png,1,超变图鉴/活动果实/绵绵糖果/绵绵糖果_00_主图.png,downloaded
47,超变图鉴,活动果实,绵绵糖果,+40,卖给商人后，可以获得金豆豆。,基础经验:960 | 基础果实:10个 | 果实单价:— | 图鉴点数:40,2,phase,1,第1阶段,第1阶段,,plant/model/v4/Crop_804_Seed.png,https://jsq.gptvip.chat/images/plant/model/v4/Crop_804_Seed.png,1,超变图鉴/活动果实/绵绵糖果/绵绵糖果_01_第1阶段.png,downloaded
47,超变图鉴,活动果实,绵绵糖果,+40,卖给商人后，可以获得金豆豆。,基础经验:960 | 基础果实:10个 | 果实单价:— | 图鉴点数:40,3,phase,2,第2阶段,第2阶段,,plant/model/v4/Crop_804_2.png,https://jsq.gptvip.chat/images/plant/model/v4/Crop_804_2.png,2,超变图鉴/活动果实/绵绵糖果/绵绵糖果_02_第2阶段.png,downloaded
47,超变图鉴,活动果实,绵绵糖果,+40,卖给商人后，可以获得金豆豆。,基础经验:960 | 基础果实:10个 | 果实单价:— | 图鉴点数:40,4,phase,3,第3阶段,第3阶段,,plant/model/v4/Crop_804_3.png,https://jsq.gptvip.chat/images/plant/model/v4/Crop_804_3.png,3,超变图鉴/活动果实/绵绵糖果/绵绵糖果_03_第3阶段.png,downloaded
47,超变图鉴,活动果实,绵绵糖果,+40,卖给商人后，可以获得金豆豆。,基础经验:960 | 基础果实:10个 | 果实单价:— | 图鉴点数:40,5,phase,4,第4阶段,第4阶段,,plant/model/v4/Crop_804_4.png,https://jsq.gptvip.chat/images/plant/model/v4/Crop_804_4.png,4,超变图鉴/活动果实/绵绵糖果/绵绵糖果_04_第4阶段.png,downloaded
47,超变图鉴,活动果实,绵绵糖果,+40,卖给商人后，可以获得金豆豆。,基础经验:960 | 基础果实:10个 | 果实单价:— | 图鉴点数:40,6,phase,5,第5阶段,第5阶段,,plant/model/v4/Crop_804_5.png,https://jsq.gptvip.chat/images/plant/model/v4/Crop_804_5.png,5,超变图鉴/活动果实/绵绵糖果/绵绵糖果_05_第5阶段.png,downloaded
47,超变图鉴,活动果实,绵绵糖果,+40,卖给商人后，可以获得金豆豆。,基础经验:960 | 基础果实:10个 | 果实单价:— | 图鉴点数:40,7,phase,6,第6阶段,第6阶段,,plant/model/v4/Crop_804_6.png,https://jsq.gptvip.chat/images/plant/model/v4/Crop_804_6.png,6,超变图鉴/活动果实/绵绵糖果/绵绵糖果_06_第6阶段.png,downloaded
48,超变图鉴,活动果实,荷花,+80,卖给商人后，可以获得金币。,基础经验:1680 | 基础果实:10个 | 果实单价:— | 图鉴点数:80,1,main,,,荷花,,plant/model/v4/Crop_6109_6.png,https://jsq.gptvip.chat/images/plant/model/v4/Crop_6109_6.png,1,超变图鉴/活动果实/荷花/荷花_00_主图.png,downloaded
48,超变图鉴,活动果实,荷花,+80,卖给商人后，可以获得金币。,基础经验:1680 | 基础果实:10个 | 果实单价:— | 图鉴点数:80,2,phase,1,第1阶段,第1阶段,,plant/model/v4/Crop_6109_Seed.png,https://jsq.gptvip.chat/images/plant/model/v4/Crop_6109_Seed.png,1,超变图鉴/活动果实/荷花/荷花_01_第1阶段.png,downloaded
48,超变图鉴,活动果实,荷花,+80,卖给商人后，可以获得金币。,基础经验:1680 | 基础果实:10个 | 果实单价:— | 图鉴点数:80,3,phase,2,第2阶段,第2阶段,,plant/model/v4/Crop_6109_2.png,https://jsq.gptvip.chat/images/plant/model/v4/Crop_6109_2.png,2,超变图鉴/活动果实/荷花/荷花_02_第2阶段.png,downloaded
48,超变图鉴,活动果实,荷花,+80,卖给商人后，可以获得金币。,基础经验:1680 | 基础果实:10个 | 果实单价:— | 图鉴点数:80,4,phase,3,第3阶段,第3阶段,,plant/model/v4/Crop_6109_3.png,https://jsq.gptvip.chat/images/plant/model/v4/Crop_6109_3.png,3,超变图鉴/活动果实/荷花/荷花_03_第3阶段.png,downloaded
48,超变图鉴,活动果实,荷花,+80,卖给商人后，可以获得金币。,基础经验:1680 | 基础果实:10个 | 果实单价:— | 图鉴点数:80,5,phase,4,第4阶段,第4阶段,,plant/model/v4/Crop_6109_4.png,https://jsq.gptvip.chat/images/plant/model/v4/Crop_6109_4.png,4,超变图鉴/活动果实/荷花/荷花_04_第4阶段.png,downloaded
48,超变图鉴,活动果实,荷花,+80,卖给商人后，可以获得金币。,基础经验:1680 | 基础果实:10个 | 果实单价:— | 图鉴点数:80,6,phase,5,第5阶段,第5阶段,,plant/model/v4/Crop_6109_5.png,https://jsq.gptvip.chat/images/plant/model/v4/Crop_6109_5.png,5,超变图鉴/活动果实/荷花/荷花_05_第5阶段.png,downloaded
48,超变图鉴,活动果实,荷花,+80,卖给商人后，可以获得金币。,基础经验:1680 | 基础果实:10个 | 果实单价:— | 图鉴点数:80,7,phase,6,第6阶段,第6阶段,,plant/model/v4/Crop_6109_6.png,https://jsq.gptvip.chat/images/plant/model/v4/Crop_6109_6.png,6,超变图鉴/活动果实/荷花/荷花_06_第6阶段.png,downloaded
49,超变图鉴,活动果实,黄金·荷花,+160,卖给商人后，可以获得金豆豆。,基础经验:1680 | 基础果实:10个 | 果实单价:— | 图鉴点数:160,1,main,,,黄金·荷花,,plant/model/v4/gold/Crop_6109_6.png,https://jsq.gptvip.chat/images/plant/model/v4/gold/Crop_6109_6.png,1,超变图鉴/活动果实/黄金·荷花/黄金·荷花_00_主图.png,downloaded
49,超变图鉴,活动果实,黄金·荷花,+160,卖给商人后，可以获得金豆豆。,基础经验:1680 | 基础果实:10个 | 果实单价:— | 图鉴点数:160,2,phase,1,第1阶段,第1阶段,,plant/model/v4/gold/Crop_6109_Seed.png,https://jsq.gptvip.chat/images/plant/model/v4/gold/Crop_6109_Seed.png,1,超变图鉴/活动果实/黄金·荷花/黄金·荷花_01_第1阶段.png,downloaded
49,超变图鉴,活动果实,黄金·荷花,+160,卖给商人后，可以获得金豆豆。,基础经验:1680 | 基础果实:10个 | 果实单价:— | 图鉴点数:160,3,phase,2,第2阶段,第2阶段,,plant/model/v4/gold/Crop_6109_2.png,https://jsq.gptvip.chat/images/plant/model/v4/gold/Crop_6109_2.png,2,超变图鉴/活动果实/黄金·荷花/黄金·荷花_02_第2阶段.png,downloaded
49,超变图鉴,活动果实,黄金·荷花,+160,卖给商人后，可以获得金豆豆。,基础经验:1680 | 基础果实:10个 | 果实单价:— | 图鉴点数:160,4,phase,3,第3阶段,第3阶段,,plant/model/v4/gold/Crop_6109_3.png,https://jsq.gptvip.chat/images/plant/model/v4/gold/Crop_6109_3.png,3,超变图鉴/活动果实/黄金·荷花/黄金·荷花_03_第3阶段.png,downloaded
49,超变图鉴,活动果实,黄金·荷花,+160,卖给商人后，可以获得金豆豆。,基础经验:1680 | 基础果实:10个 | 果实单价:— | 图鉴点数:160,5,phase,4,第4阶段,第4阶段,,plant/model/v4/gold/Crop_6109_4.png,https://jsq.gptvip.chat/images/plant/model/v4/gold/Crop_6109_4.png,4,超变图鉴/活动果实/黄金·荷花/黄金·荷花_04_第4阶段.png,downloaded
49,超变图鉴,活动果实,黄金·荷花,+160,卖给商人后，可以获得金豆豆。,基础经验:1680 | 基础果实:10个 | 果实单价:— | 图鉴点数:160,6,phase,5,第5阶段,第5阶段,,plant/model/v4/gold/Crop_6109_5.png,https://jsq.gptvip.chat/images/plant/model/v4/gold/Crop_6109_5.png,5,超变图鉴/活动果实/黄金·荷花/黄金·荷花_05_第5阶段.png,downloaded
49,超变图鉴,活动果实,黄金·荷花,+160,卖给商人后，可以获得金豆豆。,基础经验:1680 | 基础果实:10个 | 果实单价:— | 图鉴点数:160,7,phase,6,第6阶段,第6阶段,,plant/model/v4/gold/Crop_6109_6.png,https://jsq.gptvip.chat/images/plant/model/v4/gold/Crop_6109_6.png,6,超变图鉴/活动果实/黄金·荷花/黄金·荷花_06_第6阶段.png,downloaded
