category_name,category_href,category_url,item_id,item_type,name,asset_name,rarity,level,price,price_id,image_role,phase_index,phase_name,image_path,image_url,local_path,phase_slot,seconds
超变果实,/items/17,https://jsq.gptvip.chat/items/17,49001,17,哈哈小南瓜,Crop_9001,3,41,,,main,0,主图,plant/model/v4/Crop_9001_Seed.png,https://jsq.gptvip.chat/images/plant/model/v4/Crop_9001_Seed.png,超变果实/哈哈小南瓜/哈哈小南瓜_00_主图.png,,
超变果实,/items/17,https://jsq.gptvip.chat/items/17,49001,17,哈哈小南瓜,Crop_9001,3,41,,,phase,1,种子,plant/model/v4/Crop_9001_Seed.png,https://jsq.gptvip.chat/images/plant/model/v4/Crop_9001_Seed.png,超变果实/哈哈小南瓜/哈哈小南瓜_01_种子.png,Seed,8640
超变果实,/items/17,https://jsq.gptvip.chat/items/17,46109,17,荷花,Crop_6109,3,200,,,main,0,主图,plant/model/v4/Crop_6109_6.png,https://jsq.gptvip.chat/images/plant/model/v4/Crop_6109_6.png,超变果实/荷花/荷花_00_主图.png,,
超变果实,/items/17,https://jsq.gptvip.chat/items/17,46109,17,荷花,Crop_6109,3,200,,,phase,1,种子,plant/model/v4/Crop_6109_Seed.png,https://jsq.gptvip.chat/images/plant/model/v4/Crop_6109_Seed.png,超变果实/荷花/荷花_01_种子.png,Seed,8640
超变果实,/items/17,https://jsq.gptvip.chat/items/17,46109,17,荷花,Crop_6109,3,200,,,phase,2,发芽,plant/model/v4/Crop_6109_2.png,https://jsq.gptvip.chat/images/plant/model/v4/Crop_6109_2.png,超变果实/荷花/荷花_02_发芽.png,2,8640
超变果实,/items/17,https://jsq.gptvip.chat/items/17,46109,17,荷花,Crop_6109,3,200,,,phase,3,小叶子,plant/model/v4/Crop_6109_3.png,https://jsq.gptvip.chat/images/plant/model/v4/Crop_6109_3.png,超变果实/荷花/荷花_03_小叶子.png,3,8640
超变果实,/items/17,https://jsq.gptvip.chat/items/17,46109,17,荷花,Crop_6109,3,200,,,phase,4,大叶子,plant/model/v4/Crop_6109_4.png,https://jsq.gptvip.chat/images/plant/model/v4/Crop_6109_4.png,超变果实/荷花/荷花_04_大叶子.png,4,8640
超变果实,/items/17,https://jsq.gptvip.chat/items/17,46109,17,荷花,Crop_6109,3,200,,,phase,5,花蕾,plant/model/v4/Crop_6109_5.png,https://jsq.gptvip.chat/images/plant/model/v4/Crop_6109_5.png,超变果实/荷花/荷花_05_花蕾.png,5,8640
超变果实,/items/17,https://jsq.gptvip.chat/items/17,46109,17,荷花,Crop_6109,3,200,,,phase,6,盛开,plant/model/v4/Crop_6109_6.png,https://jsq.gptvip.chat/images/plant/model/v4/Crop_6109_6.png,超变果实/荷花/荷花_06_盛开.png,6,0
超变果实,/items/17,https://jsq.gptvip.chat/items/17,40804,17,绵绵糖果,Crop_804,2,41,,,main,0,主图,plant/model/v4/Crop_804_6.png,https://jsq.gptvip.chat/images/plant/model/v4/Crop_804_6.png,超变果实/绵绵糖果/绵绵糖果_00_主图.png,,
超变果实,/items/17,https://jsq.gptvip.chat/items/17,40804,17,绵绵糖果,Crop_804,2,41,,,phase,1,种子,plant/model/v4/Crop_804_Seed.png,https://jsq.gptvip.chat/images/plant/model/v4/Crop_804_Seed.png,超变果实/绵绵糖果/绵绵糖果_01_种子.png,Seed,5760
超变果实,/items/17,https://jsq.gptvip.chat/items/17,40804,17,绵绵糖果,Crop_804,2,41,,,phase,2,发芽,plant/model/v4/Crop_804_2.png,https://jsq.gptvip.chat/images/plant/model/v4/Crop_804_2.png,超变果实/绵绵糖果/绵绵糖果_02_发芽.png,2,5760
超变果实,/items/17,https://jsq.gptvip.chat/items/17,40804,17,绵绵糖果,Crop_804,2,41,,,phase,3,小叶子,plant/model/v4/Crop_804_3.png,https://jsq.gptvip.chat/images/plant/model/v4/Crop_804_3.png,超变果实/绵绵糖果/绵绵糖果_03_小叶子.png,3,5760
超变果实,/items/17,https://jsq.gptvip.chat/items/17,40804,17,绵绵糖果,Crop_804,2,41,,,phase,4,大叶子,plant/model/v4/Crop_804_4.png,https://jsq.gptvip.chat/images/plant/model/v4/Crop_804_4.png,超变果实/绵绵糖果/绵绵糖果_04_大叶子.png,4,5760
超变果实,/items/17,https://jsq.gptvip.chat/items/17,40804,17,绵绵糖果,Crop_804,2,41,,,phase,5,开花,plant/model/v4/Crop_804_5.png,https://jsq.gptvip.chat/images/plant/model/v4/Crop_804_5.png,超变果实/绵绵糖果/绵绵糖果_05_开花.png,5,5760
超变果实,/items/17,https://jsq.gptvip.chat/items/17,40804,17,绵绵糖果,Crop_804,2,41,,,phase,6,成熟,plant/model/v4/Crop_804_6.png,https://jsq.gptvip.chat/images/plant/model/v4/Crop_804_6.png,超变果实/绵绵糖果/绵绵糖果_06_成熟.png,6,0
超变果实,/items/17,https://jsq.gptvip.chat/items/17,1040112,17,黄金·风信子,gold/Crop_112,2,200,,,main,0,主图,plant/model/v4/gold/Crop_112_6.png,https://jsq.gptvip.chat/images/plant/model/v4/gold/Crop_112_6.png,超变果实/黄金·风信子/黄金·风信子_00_主图.png,,
超变果实,/items/17,https://jsq.gptvip.chat/items/17,1040112,17,黄金·风信子,gold/Crop_112,2,200,,,phase,1,种子,plant/model/v4/gold/Crop_112_Seed.png,https://jsq.gptvip.chat/images/plant/model/v4/gold/Crop_112_Seed.png,超变果实/黄金·风信子/黄金·风信子_01_种子.png,Seed,4800
超变果实,/items/17,https://jsq.gptvip.chat/items/17,1040112,17,黄金·风信子,gold/Crop_112,2,200,,,phase,2,发芽,plant/model/v4/gold/Crop_112_2.png,https://jsq.gptvip.chat/images/plant/model/v4/gold/Crop_112_2.png,超变果实/黄金·风信子/黄金·风信子_02_发芽.png,2,4800
超变果实,/items/17,https://jsq.gptvip.chat/items/17,1040112,17,黄金·风信子,gold/Crop_112,2,200,,,phase,3,小叶子,plant/model/v4/gold/Crop_112_3.png,https://jsq.gptvip.chat/images/plant/model/v4/gold/Crop_112_3.png,超变果实/黄金·风信子/黄金·风信子_03_小叶子.png,3,4800
超变果实,/items/17,https://jsq.gptvip.chat/items/17,1040112,17,黄金·风信子,gold/Crop_112,2,200,,,phase,4,大叶子,plant/model/v4/gold/Crop_112_4.png,https://jsq.gptvip.chat/images/plant/model/v4/gold/Crop_112_4.png,超变果实/黄金·风信子/黄金·风信子_04_大叶子.png,4,7200
超变果实,/items/17,https://jsq.gptvip.chat/items/17,1040112,17,黄金·风信子,gold/Crop_112,2,200,,,phase,5,初熟,plant/model/v4/gold/Crop_112_5.png,https://jsq.gptvip.chat/images/plant/model/v4/gold/Crop_112_5.png,超变果实/黄金·风信子/黄金·风信子_05_初熟.png,5,7200
超变果实,/items/17,https://jsq.gptvip.chat/items/17,1040112,17,黄金·风信子,gold/Crop_112,2,200,,,phase,6,成熟,plant/model/v4/gold/Crop_112_6.png,https://jsq.gptvip.chat/images/plant/model/v4/gold/Crop_112_6.png,超变果实/黄金·风信子/黄金·风信子_06_成熟.png,6,0
超变果实,/items/17,https://jsq.gptvip.chat/items/17,1040025,17,黄金·银杏树苗,gold/Crop_25,2,200,,,main,0,主图,plant/model/v4/gold/Crop_25_6.png,https://jsq.gptvip.chat/images/plant/model/v4/gold/Crop_25_6.png,超变果实/黄金·银杏树苗/黄金·银杏树苗_00_主图.png,,
超变果实,/items/17,https://jsq.gptvip.chat/items/17,1040025,17,黄金·银杏树苗,gold/Crop_25,2,200,,,phase,1,种子,plant/model/v4/gold/Crop_25_Seed.png,https://jsq.gptvip.chat/images/plant/model/v4/gold/Crop_25_Seed.png,超变果实/黄金·银杏树苗/黄金·银杏树苗_01_种子.png,Seed,4800
超变果实,/items/17,https://jsq.gptvip.chat/items/17,1040025,17,黄金·银杏树苗,gold/Crop_25,2,200,,,phase,2,发芽,plant/model/v4/gold/Crop_25_2.png,https://jsq.gptvip.chat/images/plant/model/v4/gold/Crop_25_2.png,超变果实/黄金·银杏树苗/黄金·银杏树苗_02_发芽.png,2,4800
超变果实,/items/17,https://jsq.gptvip.chat/items/17,1040025,17,黄金·银杏树苗,gold/Crop_25,2,200,,,phase,3,小叶子,plant/model/v4/gold/Crop_25_3.png,https://jsq.gptvip.chat/images/plant/model/v4/gold/Crop_25_3.png,超变果实/黄金·银杏树苗/黄金·银杏树苗_03_小叶子.png,3,4800
超变果实,/items/17,https://jsq.gptvip.chat/items/17,1040025,17,黄金·银杏树苗,gold/Crop_25,2,200,,,phase,4,大叶子,plant/model/v4/gold/Crop_25_4.png,https://jsq.gptvip.chat/images/plant/model/v4/gold/Crop_25_4.png,超变果实/黄金·银杏树苗/黄金·银杏树苗_04_大叶子.png,4,7200
超变果实,/items/17,https://jsq.gptvip.chat/items/17,1040025,17,黄金·银杏树苗,gold/Crop_25,2,200,,,phase,5,长枝,plant/model/v4/gold/Crop_25_5.png,https://jsq.gptvip.chat/images/plant/model/v4/gold/Crop_25_5.png,超变果实/黄金·银杏树苗/黄金·银杏树苗_05_长枝.png,5,7200
超变果实,/items/17,https://jsq.gptvip.chat/items/17,1040025,17,黄金·银杏树苗,gold/Crop_25,2,200,,,phase,6,成苗,plant/model/v4/gold/Crop_25_6.png,https://jsq.gptvip.chat/images/plant/model/v4/gold/Crop_25_6.png,超变果实/黄金·银杏树苗/黄金·银杏树苗_06_成苗.png,6,0
超变果实,/items/17,https://jsq.gptvip.chat/items/17,1040121,17,黄金·蔷薇,gold/Crop_121,2,200,,,main,0,主图,plant/model/v4/gold/Crop_121_6.png,https://jsq.gptvip.chat/images/plant/model/v4/gold/Crop_121_6.png,超变果实/黄金·蔷薇/黄金·蔷薇_00_主图.png,,
超变果实,/items/17,https://jsq.gptvip.chat/items/17,1040121,17,黄金·蔷薇,gold/Crop_121,2,200,,,phase,1,种子,plant/model/v4/gold/Crop_121_Seed.png,https://jsq.gptvip.chat/images/plant/model/v4/gold/Crop_121_Seed.png,超变果实/黄金·蔷薇/黄金·蔷薇_01_种子.png,Seed,4800
超变果实,/items/17,https://jsq.gptvip.chat/items/17,1040121,17,黄金·蔷薇,gold/Crop_121,2,200,,,phase,2,发芽,plant/model/v4/gold/Crop_121_2.png,https://jsq.gptvip.chat/images/plant/model/v4/gold/Crop_121_2.png,超变果实/黄金·蔷薇/黄金·蔷薇_02_发芽.png,2,4800
超变果实,/items/17,https://jsq.gptvip.chat/items/17,1040121,17,黄金·蔷薇,gold/Crop_121,2,200,,,phase,3,小叶子,plant/model/v4/gold/Crop_121_3.png,https://jsq.gptvip.chat/images/plant/model/v4/gold/Crop_121_3.png,超变果实/黄金·蔷薇/黄金·蔷薇_03_小叶子.png,3,4800
超变果实,/items/17,https://jsq.gptvip.chat/items/17,1040121,17,黄金·蔷薇,gold/Crop_121,2,200,,,phase,4,大叶子,plant/model/v4/gold/Crop_121_4.png,https://jsq.gptvip.chat/images/plant/model/v4/gold/Crop_121_4.png,超变果实/黄金·蔷薇/黄金·蔷薇_04_大叶子.png,4,7200
超变果实,/items/17,https://jsq.gptvip.chat/items/17,1040121,17,黄金·蔷薇,gold/Crop_121,2,200,,,phase,5,初熟,plant/model/v4/gold/Crop_121_5.png,https://jsq.gptvip.chat/images/plant/model/v4/gold/Crop_121_5.png,超变果实/黄金·蔷薇/黄金·蔷薇_05_初熟.png,5,7200
超变果实,/items/17,https://jsq.gptvip.chat/items/17,1040121,17,黄金·蔷薇,gold/Crop_121,2,200,,,phase,6,成熟,plant/model/v4/gold/Crop_121_6.png,https://jsq.gptvip.chat/images/plant/model/v4/gold/Crop_121_6.png,超变果实/黄金·蔷薇/黄金·蔷薇_06_成熟.png,6,0
超变果实,/items/17,https://jsq.gptvip.chat/items/17,1040109,17,黄金·蝴蝶兰,gold/Crop_109,2,200,,,main,0,主图,plant/model/v4/gold/Crop_109_6.png,https://jsq.gptvip.chat/images/plant/model/v4/gold/Crop_109_6.png,超变果实/黄金·蝴蝶兰/黄金·蝴蝶兰_00_主图.png,,
超变果实,/items/17,https://jsq.gptvip.chat/items/17,1040109,17,黄金·蝴蝶兰,gold/Crop_109,2,200,,,phase,1,种子,plant/model/v4/gold/Crop_109_Seed.png,https://jsq.gptvip.chat/images/plant/model/v4/gold/Crop_109_Seed.png,超变果实/黄金·蝴蝶兰/黄金·蝴蝶兰_01_种子.png,Seed,4800
超变果实,/items/17,https://jsq.gptvip.chat/items/17,1040109,17,黄金·蝴蝶兰,gold/Crop_109,2,200,,,phase,2,发芽,plant/model/v4/gold/Crop_109_2.png,https://jsq.gptvip.chat/images/plant/model/v4/gold/Crop_109_2.png,超变果实/黄金·蝴蝶兰/黄金·蝴蝶兰_02_发芽.png,2,4800
超变果实,/items/17,https://jsq.gptvip.chat/items/17,1040109,17,黄金·蝴蝶兰,gold/Crop_109,2,200,,,phase,3,小叶子,plant/model/v4/gold/Crop_109_3.png,https://jsq.gptvip.chat/images/plant/model/v4/gold/Crop_109_3.png,超变果实/黄金·蝴蝶兰/黄金·蝴蝶兰_03_小叶子.png,3,4800
超变果实,/items/17,https://jsq.gptvip.chat/items/17,1040109,17,黄金·蝴蝶兰,gold/Crop_109,2,200,,,phase,4,大叶子,plant/model/v4/gold/Crop_109_4.png,https://jsq.gptvip.chat/images/plant/model/v4/gold/Crop_109_4.png,超变果实/黄金·蝴蝶兰/黄金·蝴蝶兰_04_大叶子.png,4,7200
超变果实,/items/17,https://jsq.gptvip.chat/items/17,1040109,17,黄金·蝴蝶兰,gold/Crop_109,2,200,,,phase,5,花蕾,plant/model/v4/gold/Crop_109_5.png,https://jsq.gptvip.chat/images/plant/model/v4/gold/Crop_109_5.png,超变果实/黄金·蝴蝶兰/黄金·蝴蝶兰_05_花蕾.png,5,7200
超变果实,/items/17,https://jsq.gptvip.chat/items/17,1040109,17,黄金·蝴蝶兰,gold/Crop_109,2,200,,,phase,6,盛开,plant/model/v4/gold/Crop_109_6.png,https://jsq.gptvip.chat/images/plant/model/v4/gold/Crop_109_6.png,超变果实/黄金·蝴蝶兰/黄金·蝴蝶兰_06_盛开.png,6,0
超变果实,/items/17,https://jsq.gptvip.chat/items/17,1040224,17,黄金·昙花,gold/Crop_224,3,201,,,main,0,主图,plant/model/v4/gold/Crop_224_6.png,https://jsq.gptvip.chat/images/plant/model/v4/gold/Crop_224_6.png,超变果实/黄金·昙花/黄金·昙花_00_主图.png,,
超变果实,/items/17,https://jsq.gptvip.chat/items/17,1040224,17,黄金·昙花,gold/Crop_224,3,201,,,phase,1,种子,plant/model/v4/gold/Crop_224_Seed.png,https://jsq.gptvip.chat/images/plant/model/v4/gold/Crop_224_Seed.png,超变果实/黄金·昙花/黄金·昙花_01_种子.png,Seed,4800
超变果实,/items/17,https://jsq.gptvip.chat/items/17,1040224,17,黄金·昙花,gold/Crop_224,3,201,,,phase,2,发芽,plant/model/v4/gold/Crop_224_2.png,https://jsq.gptvip.chat/images/plant/model/v4/gold/Crop_224_2.png,超变果实/黄金·昙花/黄金·昙花_02_发芽.png,2,4800
超变果实,/items/17,https://jsq.gptvip.chat/items/17,1040224,17,黄金·昙花,gold/Crop_224,3,201,,,phase,3,小叶子,plant/model/v4/gold/Crop_224_3.png,https://jsq.gptvip.chat/images/plant/model/v4/gold/Crop_224_3.png,超变果实/黄金·昙花/黄金·昙花_03_小叶子.png,3,4800
超变果实,/items/17,https://jsq.gptvip.chat/items/17,1040224,17,黄金·昙花,gold/Crop_224,3,201,,,phase,4,大叶子,plant/model/v4/gold/Crop_224_4.png,https://jsq.gptvip.chat/images/plant/model/v4/gold/Crop_224_4.png,超变果实/黄金·昙花/黄金·昙花_04_大叶子.png,4,7200
超变果实,/items/17,https://jsq.gptvip.chat/items/17,1040224,17,黄金·昙花,gold/Crop_224,3,201,,,phase,5,初熟,plant/model/v4/gold/Crop_224_5.png,https://jsq.gptvip.chat/images/plant/model/v4/gold/Crop_224_5.png,超变果实/黄金·昙花/黄金·昙花_05_初熟.png,5,7200
超变果实,/items/17,https://jsq.gptvip.chat/items/17,1040224,17,黄金·昙花,gold/Crop_224,3,201,,,phase,6,成熟,plant/model/v4/gold/Crop_224_6.png,https://jsq.gptvip.chat/images/plant/model/v4/gold/Crop_224_6.png,超变果实/黄金·昙花/黄金·昙花_06_成熟.png,6,0
超变果实,/items/17,https://jsq.gptvip.chat/items/17,1040249,17,黄金·荷包牡丹,gold/Crop_249,3,201,,,main,0,主图,plant/model/v4/gold/Crop_249_6.png,https://jsq.gptvip.chat/images/plant/model/v4/gold/Crop_249_6.png,超变果实/黄金·荷包牡丹/黄金·荷包牡丹_00_主图.png,,
超变果实,/items/17,https://jsq.gptvip.chat/items/17,1040249,17,黄金·荷包牡丹,gold/Crop_249,3,201,,,phase,1,种子,plant/model/v4/gold/Crop_249_Seed.png,https://jsq.gptvip.chat/images/plant/model/v4/gold/Crop_249_Seed.png,超变果实/黄金·荷包牡丹/黄金·荷包牡丹_01_种子.png,Seed,4800
超变果实,/items/17,https://jsq.gptvip.chat/items/17,1040249,17,黄金·荷包牡丹,gold/Crop_249,3,201,,,phase,2,发芽,plant/model/v4/gold/Crop_249_2.png,https://jsq.gptvip.chat/images/plant/model/v4/gold/Crop_249_2.png,超变果实/黄金·荷包牡丹/黄金·荷包牡丹_02_发芽.png,2,4800
超变果实,/items/17,https://jsq.gptvip.chat/items/17,1040249,17,黄金·荷包牡丹,gold/Crop_249,3,201,,,phase,3,小叶子,plant/model/v4/gold/Crop_249_3.png,https://jsq.gptvip.chat/images/plant/model/v4/gold/Crop_249_3.png,超变果实/黄金·荷包牡丹/黄金·荷包牡丹_03_小叶子.png,3,4800
超变果实,/items/17,https://jsq.gptvip.chat/items/17,1040249,17,黄金·荷包牡丹,gold/Crop_249,3,201,,,phase,4,大叶子,plant/model/v4/gold/Crop_249_4.png,https://jsq.gptvip.chat/images/plant/model/v4/gold/Crop_249_4.png,超变果实/黄金·荷包牡丹/黄金·荷包牡丹_04_大叶子.png,4,7200
超变果实,/items/17,https://jsq.gptvip.chat/items/17,1040249,17,黄金·荷包牡丹,gold/Crop_249,3,201,,,phase,5,花蕾,plant/model/v4/gold/Crop_249_5.png,https://jsq.gptvip.chat/images/plant/model/v4/gold/Crop_249_5.png,超变果实/黄金·荷包牡丹/黄金·荷包牡丹_05_花蕾.png,5,7200
超变果实,/items/17,https://jsq.gptvip.chat/items/17,1040249,17,黄金·荷包牡丹,gold/Crop_249,3,201,,,phase,6,盛开,plant/model/v4/gold/Crop_249_6.png,https://jsq.gptvip.chat/images/plant/model/v4/gold/Crop_249_6.png,超变果实/黄金·荷包牡丹/黄金·荷包牡丹_06_盛开.png,6,0
超变果实,/items/17,https://jsq.gptvip.chat/items/17,1041135,17,黄金·艾草,gold/Crop_1135,2,200,,,main,0,主图,plant/model/v4/gold/Crop_1135_6.png,https://jsq.gptvip.chat/images/plant/model/v4/gold/Crop_1135_6.png,超变果实/黄金·艾草/黄金·艾草_00_主图.png,,
超变果实,/items/17,https://jsq.gptvip.chat/items/17,1041135,17,黄金·艾草,gold/Crop_1135,2,200,,,phase,1,种子,plant/model/v4/gold/Crop_1135_Seed.png,https://jsq.gptvip.chat/images/plant/model/v4/gold/Crop_1135_Seed.png,超变果实/黄金·艾草/黄金·艾草_01_种子.png,Seed,4800
超变果实,/items/17,https://jsq.gptvip.chat/items/17,1041135,17,黄金·艾草,gold/Crop_1135,2,200,,,phase,2,发芽,plant/model/v4/gold/Crop_1135_2.png,https://jsq.gptvip.chat/images/plant/model/v4/gold/Crop_1135_2.png,超变果实/黄金·艾草/黄金·艾草_02_发芽.png,2,4800
超变果实,/items/17,https://jsq.gptvip.chat/items/17,1041135,17,黄金·艾草,gold/Crop_1135,2,200,,,phase,3,小叶子,plant/model/v4/gold/Crop_1135_3.png,https://jsq.gptvip.chat/images/plant/model/v4/gold/Crop_1135_3.png,超变果实/黄金·艾草/黄金·艾草_03_小叶子.png,3,4800
超变果实,/items/17,https://jsq.gptvip.chat/items/17,1041135,17,黄金·艾草,gold/Crop_1135,2,200,,,phase,4,大叶子,plant/model/v4/gold/Crop_1135_4.png,https://jsq.gptvip.chat/images/plant/model/v4/gold/Crop_1135_4.png,超变果实/黄金·艾草/黄金·艾草_04_大叶子.png,4,7200
超变果实,/items/17,https://jsq.gptvip.chat/items/17,1041135,17,黄金·艾草,gold/Crop_1135,2,200,,,phase,5,初熟,plant/model/v4/gold/Crop_1135_5.png,https://jsq.gptvip.chat/images/plant/model/v4/gold/Crop_1135_5.png,超变果实/黄金·艾草/黄金·艾草_05_初熟.png,5,7200
超变果实,/items/17,https://jsq.gptvip.chat/items/17,1041135,17,黄金·艾草,gold/Crop_1135,2,200,,,phase,6,成熟,plant/model/v4/gold/Crop_1135_6.png,https://jsq.gptvip.chat/images/plant/model/v4/gold/Crop_1135_6.png,超变果实/黄金·艾草/黄金·艾草_06_成熟.png,6,0
超变果实,/items/17,https://jsq.gptvip.chat/items/17,1040184,17,黄金·卡特兰,gold/Crop_184,2,21,,,main,0,主图,plant/model/v4/gold/Crop_184_6.png,https://jsq.gptvip.chat/images/plant/model/v4/gold/Crop_184_6.png,超变果实/黄金·卡特兰/黄金·卡特兰_00_主图.png,,
超变果实,/items/17,https://jsq.gptvip.chat/items/17,1040184,17,黄金·卡特兰,gold/Crop_184,2,21,,,phase,1,种子,plant/model/v4/gold/Crop_184_Seed.png,https://jsq.gptvip.chat/images/plant/model/v4/gold/Crop_184_Seed.png,超变果实/黄金·卡特兰/黄金·卡特兰_01_种子.png,Seed,8640
超变果实,/items/17,https://jsq.gptvip.chat/items/17,1040184,17,黄金·卡特兰,gold/Crop_184,2,21,,,phase,2,发芽,plant/model/v4/gold/Crop_184_2.png,https://jsq.gptvip.chat/images/plant/model/v4/gold/Crop_184_2.png,超变果实/黄金·卡特兰/黄金·卡特兰_02_发芽.png,2,8640
超变果实,/items/17,https://jsq.gptvip.chat/items/17,1040184,17,黄金·卡特兰,gold/Crop_184,2,21,,,phase,3,小叶,plant/model/v4/gold/Crop_184_3.png,https://jsq.gptvip.chat/images/plant/model/v4/gold/Crop_184_3.png,超变果实/黄金·卡特兰/黄金·卡特兰_03_小叶.png,3,8640
超变果实,/items/17,https://jsq.gptvip.chat/items/17,1040184,17,黄金·卡特兰,gold/Crop_184,2,21,,,phase,4,大叶,plant/model/v4/gold/Crop_184_4.png,https://jsq.gptvip.chat/images/plant/model/v4/gold/Crop_184_4.png,超变果实/黄金·卡特兰/黄金·卡特兰_04_大叶.png,4,8640
超变果实,/items/17,https://jsq.gptvip.chat/items/17,1040184,17,黄金·卡特兰,gold/Crop_184,2,21,,,phase,5,花蕾,plant/model/v4/gold/Crop_184_5.png,https://jsq.gptvip.chat/images/plant/model/v4/gold/Crop_184_5.png,超变果实/黄金·卡特兰/黄金·卡特兰_05_花蕾.png,5,8640
超变果实,/items/17,https://jsq.gptvip.chat/items/17,1040184,17,黄金·卡特兰,gold/Crop_184,2,21,,,phase,6,开花,plant/model/v4/gold/Crop_184_6.png,https://jsq.gptvip.chat/images/plant/model/v4/gold/Crop_184_6.png,超变果实/黄金·卡特兰/黄金·卡特兰_06_开花.png,6,0
超变果实,/items/17,https://jsq.gptvip.chat/items/17,1040193,17,黄金·红云飞片,gold/Crop_193,2,21,,,main,0,主图,plant/model/v4/gold/Crop_193_6.png,https://jsq.gptvip.chat/images/plant/model/v4/gold/Crop_193_6.png,超变果实/黄金·红云飞片/黄金·红云飞片_00_主图.png,,
超变果实,/items/17,https://jsq.gptvip.chat/items/17,1040193,17,黄金·红云飞片,gold/Crop_193,2,21,,,phase,1,种子,plant/model/v4/gold/Crop_193_Seed.png,https://jsq.gptvip.chat/images/plant/model/v4/gold/Crop_193_Seed.png,超变果实/黄金·红云飞片/黄金·红云飞片_01_种子.png,Seed,8640
超变果实,/items/17,https://jsq.gptvip.chat/items/17,1040193,17,黄金·红云飞片,gold/Crop_193,2,21,,,phase,2,发芽,plant/model/v4/gold/Crop_193_2.png,https://jsq.gptvip.chat/images/plant/model/v4/gold/Crop_193_2.png,超变果实/黄金·红云飞片/黄金·红云飞片_02_发芽.png,2,8640
超变果实,/items/17,https://jsq.gptvip.chat/items/17,1040193,17,黄金·红云飞片,gold/Crop_193,2,21,,,phase,3,小叶,plant/model/v4/gold/Crop_193_3.png,https://jsq.gptvip.chat/images/plant/model/v4/gold/Crop_193_3.png,超变果实/黄金·红云飞片/黄金·红云飞片_03_小叶.png,3,8640
超变果实,/items/17,https://jsq.gptvip.chat/items/17,1040193,17,黄金·红云飞片,gold/Crop_193,2,21,,,phase,4,大叶,plant/model/v4/gold/Crop_193_4.png,https://jsq.gptvip.chat/images/plant/model/v4/gold/Crop_193_4.png,超变果实/黄金·红云飞片/黄金·红云飞片_04_大叶.png,4,8640
超变果实,/items/17,https://jsq.gptvip.chat/items/17,1040193,17,黄金·红云飞片,gold/Crop_193,2,21,,,phase,5,花蕾,plant/model/v4/gold/Crop_193_5.png,https://jsq.gptvip.chat/images/plant/model/v4/gold/Crop_193_5.png,超变果实/黄金·红云飞片/黄金·红云飞片_05_花蕾.png,5,8640
超变果实,/items/17,https://jsq.gptvip.chat/items/17,1040193,17,黄金·红云飞片,gold/Crop_193,2,21,,,phase,6,开花,plant/model/v4/gold/Crop_193_6.png,https://jsq.gptvip.chat/images/plant/model/v4/gold/Crop_193_6.png,超变果实/黄金·红云飞片/黄金·红云飞片_06_开花.png,6,0
超变果实,/items/17,https://jsq.gptvip.chat/items/17,1040256,17,黄金·石竹花,gold/Crop_256,2,21,,,main,0,主图,plant/model/v4/gold/Crop_256_6.png,https://jsq.gptvip.chat/images/plant/model/v4/gold/Crop_256_6.png,超变果实/黄金·石竹花/黄金·石竹花_00_主图.png,,
超变果实,/items/17,https://jsq.gptvip.chat/items/17,1040256,17,黄金·石竹花,gold/Crop_256,2,21,,,phase,1,种子,plant/model/v4/gold/Crop_256_Seed.png,https://jsq.gptvip.chat/images/plant/model/v4/gold/Crop_256_Seed.png,超变果实/黄金·石竹花/黄金·石竹花_01_种子.png,Seed,8640
超变果实,/items/17,https://jsq.gptvip.chat/items/17,1040256,17,黄金·石竹花,gold/Crop_256,2,21,,,phase,2,发芽,plant/model/v4/gold/Crop_256_2.png,https://jsq.gptvip.chat/images/plant/model/v4/gold/Crop_256_2.png,超变果实/黄金·石竹花/黄金·石竹花_02_发芽.png,2,8640
超变果实,/items/17,https://jsq.gptvip.chat/items/17,1040256,17,黄金·石竹花,gold/Crop_256,2,21,,,phase,3,小叶,plant/model/v4/gold/Crop_256_3.png,https://jsq.gptvip.chat/images/plant/model/v4/gold/Crop_256_3.png,超变果实/黄金·石竹花/黄金·石竹花_03_小叶.png,3,8640
超变果实,/items/17,https://jsq.gptvip.chat/items/17,1040256,17,黄金·石竹花,gold/Crop_256,2,21,,,phase,4,大叶,plant/model/v4/gold/Crop_256_4.png,https://jsq.gptvip.chat/images/plant/model/v4/gold/Crop_256_4.png,超变果实/黄金·石竹花/黄金·石竹花_04_大叶.png,4,8640
超变果实,/items/17,https://jsq.gptvip.chat/items/17,1040256,17,黄金·石竹花,gold/Crop_256,2,21,,,phase,5,花蕾,plant/model/v4/gold/Crop_256_5.png,https://jsq.gptvip.chat/images/plant/model/v4/gold/Crop_256_5.png,超变果实/黄金·石竹花/黄金·石竹花_05_花蕾.png,5,8640
超变果实,/items/17,https://jsq.gptvip.chat/items/17,1040256,17,黄金·石竹花,gold/Crop_256,2,21,,,phase,6,开花,plant/model/v4/gold/Crop_256_6.png,https://jsq.gptvip.chat/images/plant/model/v4/gold/Crop_256_6.png,超变果实/黄金·石竹花/黄金·石竹花_06_开花.png,6,0
超变果实,/items/17,https://jsq.gptvip.chat/items/17,1040261,17,黄金·针垫花,gold/Crop_261,2,21,,,main,0,主图,plant/model/v4/gold/Crop_261_6.png,https://jsq.gptvip.chat/images/plant/model/v4/gold/Crop_261_6.png,超变果实/黄金·针垫花/黄金·针垫花_00_主图.png,,
超变果实,/items/17,https://jsq.gptvip.chat/items/17,1040261,17,黄金·针垫花,gold/Crop_261,2,21,,,phase,1,种子,plant/model/v4/gold/Crop_261_Seed.png,https://jsq.gptvip.chat/images/plant/model/v4/gold/Crop_261_Seed.png,超变果实/黄金·针垫花/黄金·针垫花_01_种子.png,Seed,8640
超变果实,/items/17,https://jsq.gptvip.chat/items/17,1040261,17,黄金·针垫花,gold/Crop_261,2,21,,,phase,2,发芽,plant/model/v4/gold/Crop_261_2.png,https://jsq.gptvip.chat/images/plant/model/v4/gold/Crop_261_2.png,超变果实/黄金·针垫花/黄金·针垫花_02_发芽.png,2,8640
超变果实,/items/17,https://jsq.gptvip.chat/items/17,1040261,17,黄金·针垫花,gold/Crop_261,2,21,,,phase,3,小叶,plant/model/v4/gold/Crop_261_3.png,https://jsq.gptvip.chat/images/plant/model/v4/gold/Crop_261_3.png,超变果实/黄金·针垫花/黄金·针垫花_03_小叶.png,3,8640
超变果实,/items/17,https://jsq.gptvip.chat/items/17,1040261,17,黄金·针垫花,gold/Crop_261,2,21,,,phase,4,大叶,plant/model/v4/gold/Crop_261_4.png,https://jsq.gptvip.chat/images/plant/model/v4/gold/Crop_261_4.png,超变果实/黄金·针垫花/黄金·针垫花_04_大叶.png,4,8640
超变果实,/items/17,https://jsq.gptvip.chat/items/17,1040261,17,黄金·针垫花,gold/Crop_261,2,21,,,phase,5,花蕾,plant/model/v4/gold/Crop_261_5.png,https://jsq.gptvip.chat/images/plant/model/v4/gold/Crop_261_5.png,超变果实/黄金·针垫花/黄金·针垫花_05_花蕾.png,5,8640
超变果实,/items/17,https://jsq.gptvip.chat/items/17,1040261,17,黄金·针垫花,gold/Crop_261,2,21,,,phase,6,开花,plant/model/v4/gold/Crop_261_6.png,https://jsq.gptvip.chat/images/plant/model/v4/gold/Crop_261_6.png,超变果实/黄金·针垫花/黄金·针垫花_06_开花.png,6,0
超变果实,/items/17,https://jsq.gptvip.chat/items/17,1040257,17,黄金·孔雀草,gold/Crop_257,3,41,,,main,0,主图,plant/model/v4/gold/Crop_257_6.png,https://jsq.gptvip.chat/images/plant/model/v4/gold/Crop_257_6.png,超变果实/黄金·孔雀草/黄金·孔雀草_00_主图.png,,
超变果实,/items/17,https://jsq.gptvip.chat/items/17,1040257,17,黄金·孔雀草,gold/Crop_257,3,41,,,phase,1,种子,plant/model/v4/gold/Crop_257_Seed.png,https://jsq.gptvip.chat/images/plant/model/v4/gold/Crop_257_Seed.png,超变果实/黄金·孔雀草/黄金·孔雀草_01_种子.png,Seed,8640
超变果实,/items/17,https://jsq.gptvip.chat/items/17,1040257,17,黄金·孔雀草,gold/Crop_257,3,41,,,phase,2,发芽,plant/model/v4/gold/Crop_257_2.png,https://jsq.gptvip.chat/images/plant/model/v4/gold/Crop_257_2.png,超变果实/黄金·孔雀草/黄金·孔雀草_02_发芽.png,2,8640
超变果实,/items/17,https://jsq.gptvip.chat/items/17,1040257,17,黄金·孔雀草,gold/Crop_257,3,41,,,phase,3,小叶子,plant/model/v4/gold/Crop_257_3.png,https://jsq.gptvip.chat/images/plant/model/v4/gold/Crop_257_3.png,超变果实/黄金·孔雀草/黄金·孔雀草_03_小叶子.png,3,8640
超变果实,/items/17,https://jsq.gptvip.chat/items/17,1040257,17,黄金·孔雀草,gold/Crop_257,3,41,,,phase,4,大叶子,plant/model/v4/gold/Crop_257_4.png,https://jsq.gptvip.chat/images/plant/model/v4/gold/Crop_257_4.png,超变果实/黄金·孔雀草/黄金·孔雀草_04_大叶子.png,4,8640
超变果实,/items/17,https://jsq.gptvip.chat/items/17,1040257,17,黄金·孔雀草,gold/Crop_257,3,41,,,phase,5,花蕾,plant/model/v4/gold/Crop_257_5.png,https://jsq.gptvip.chat/images/plant/model/v4/gold/Crop_257_5.png,超变果实/黄金·孔雀草/黄金·孔雀草_05_花蕾.png,5,8640
超变果实,/items/17,https://jsq.gptvip.chat/items/17,1040257,17,黄金·孔雀草,gold/Crop_257,3,41,,,phase,6,盛开,plant/model/v4/gold/Crop_257_6.png,https://jsq.gptvip.chat/images/plant/model/v4/gold/Crop_257_6.png,超变果实/黄金·孔雀草/黄金·孔雀草_06_盛开.png,6,0
超变果实,/items/17,https://jsq.gptvip.chat/items/17,1040258,17,黄金·欧石楠,gold/Crop_258,3,41,,,main,0,主图,plant/model/v4/gold/Crop_258_6.png,https://jsq.gptvip.chat/images/plant/model/v4/gold/Crop_258_6.png,超变果实/黄金·欧石楠/黄金·欧石楠_00_主图.png,,
超变果实,/items/17,https://jsq.gptvip.chat/items/17,1040258,17,黄金·欧石楠,gold/Crop_258,3,41,,,phase,1,种子,plant/model/v4/gold/Crop_258_Seed.png,https://jsq.gptvip.chat/images/plant/model/v4/gold/Crop_258_Seed.png,超变果实/黄金·欧石楠/黄金·欧石楠_01_种子.png,Seed,8640
超变果实,/items/17,https://jsq.gptvip.chat/items/17,1040258,17,黄金·欧石楠,gold/Crop_258,3,41,,,phase,2,发芽,plant/model/v4/gold/Crop_258_2.png,https://jsq.gptvip.chat/images/plant/model/v4/gold/Crop_258_2.png,超变果实/黄金·欧石楠/黄金·欧石楠_02_发芽.png,2,8640
超变果实,/items/17,https://jsq.gptvip.chat/items/17,1040258,17,黄金·欧石楠,gold/Crop_258,3,41,,,phase,3,小叶,plant/model/v4/gold/Crop_258_3.png,https://jsq.gptvip.chat/images/plant/model/v4/gold/Crop_258_3.png,超变果实/黄金·欧石楠/黄金·欧石楠_03_小叶.png,3,8640
超变果实,/items/17,https://jsq.gptvip.chat/items/17,1040258,17,黄金·欧石楠,gold/Crop_258,3,41,,,phase,4,大叶,plant/model/v4/gold/Crop_258_4.png,https://jsq.gptvip.chat/images/plant/model/v4/gold/Crop_258_4.png,超变果实/黄金·欧石楠/黄金·欧石楠_04_大叶.png,4,8640
超变果实,/items/17,https://jsq.gptvip.chat/items/17,1040258,17,黄金·欧石楠,gold/Crop_258,3,41,,,phase,5,花蕾,plant/model/v4/gold/Crop_258_5.png,https://jsq.gptvip.chat/images/plant/model/v4/gold/Crop_258_5.png,超变果实/黄金·欧石楠/黄金·欧石楠_05_花蕾.png,5,8640
超变果实,/items/17,https://jsq.gptvip.chat/items/17,1040258,17,黄金·欧石楠,gold/Crop_258,3,41,,,phase,6,开花,plant/model/v4/gold/Crop_258_6.png,https://jsq.gptvip.chat/images/plant/model/v4/gold/Crop_258_6.png,超变果实/黄金·欧石楠/黄金·欧石楠_06_开花.png,6,0
超变果实,/items/17,https://jsq.gptvip.chat/items/17,1040304,17,黄金·黄金果,gold/Crop_304,3,81,,,main,0,主图,plant/model/v4/gold/Crop_304_6.png,https://jsq.gptvip.chat/images/plant/model/v4/gold/Crop_304_6.png,超变果实/黄金·黄金果/黄金·黄金果_00_主图.png,,
超变果实,/items/17,https://jsq.gptvip.chat/items/17,1040304,17,黄金·黄金果,gold/Crop_304,3,81,,,phase,1,种子,plant/model/v4/gold/Crop_304_Seed.png,https://jsq.gptvip.chat/images/plant/model/v4/gold/Crop_304_Seed.png,超变果实/黄金·黄金果/黄金·黄金果_01_种子.png,Seed,8640
超变果实,/items/17,https://jsq.gptvip.chat/items/17,1040304,17,黄金·黄金果,gold/Crop_304,3,81,,,phase,2,发芽,plant/model/v4/gold/Crop_304_2.png,https://jsq.gptvip.chat/images/plant/model/v4/gold/Crop_304_2.png,超变果实/黄金·黄金果/黄金·黄金果_02_发芽.png,2,8640
超变果实,/items/17,https://jsq.gptvip.chat/items/17,1040304,17,黄金·黄金果,gold/Crop_304,3,81,,,phase,3,小叶子,plant/model/v4/gold/Crop_304_3.png,https://jsq.gptvip.chat/images/plant/model/v4/gold/Crop_304_3.png,超变果实/黄金·黄金果/黄金·黄金果_03_小叶子.png,3,8640
超变果实,/items/17,https://jsq.gptvip.chat/items/17,1040304,17,黄金·黄金果,gold/Crop_304,3,81,,,phase,4,大叶子,plant/model/v4/gold/Crop_304_4.png,https://jsq.gptvip.chat/images/plant/model/v4/gold/Crop_304_4.png,超变果实/黄金·黄金果/黄金·黄金果_04_大叶子.png,4,8640
超变果实,/items/17,https://jsq.gptvip.chat/items/17,1040304,17,黄金·黄金果,gold/Crop_304,3,81,,,phase,5,开花,plant/model/v4/gold/Crop_304_5.png,https://jsq.gptvip.chat/images/plant/model/v4/gold/Crop_304_5.png,超变果实/黄金·黄金果/黄金·黄金果_05_开花.png,5,8640
超变果实,/items/17,https://jsq.gptvip.chat/items/17,1040304,17,黄金·黄金果,gold/Crop_304,3,81,,,phase,6,成熟,plant/model/v4/gold/Crop_304_6.png,https://jsq.gptvip.chat/images/plant/model/v4/gold/Crop_304_6.png,超变果实/黄金·黄金果/黄金·黄金果_06_成熟.png,6,0
超变果实,/items/17,https://jsq.gptvip.chat/items/17,1040046,17,黄金·爱心果,gold/Crop_46,4,202,,,main,0,主图,plant/model/v4/gold/Crop_46_6.png,https://jsq.gptvip.chat/images/plant/model/v4/gold/Crop_46_6.png,超变果实/黄金·爱心果/黄金·爱心果_00_主图.png,,
超变果实,/items/17,https://jsq.gptvip.chat/items/17,1040046,17,黄金·爱心果,gold/Crop_46,4,202,,,phase,1,种子,plant/model/v4/gold/Crop_46_Seed.png,https://jsq.gptvip.chat/images/plant/model/v4/gold/Crop_46_Seed.png,超变果实/黄金·爱心果/黄金·爱心果_01_种子.png,Seed,4800
超变果实,/items/17,https://jsq.gptvip.chat/items/17,1040046,17,黄金·爱心果,gold/Crop_46,4,202,,,phase,2,发芽,plant/model/v4/gold/Crop_46_2.png,https://jsq.gptvip.chat/images/plant/model/v4/gold/Crop_46_2.png,超变果实/黄金·爱心果/黄金·爱心果_02_发芽.png,2,4800
超变果实,/items/17,https://jsq.gptvip.chat/items/17,1040046,17,黄金·爱心果,gold/Crop_46,4,202,,,phase,3,小叶子,plant/model/v4/gold/Crop_46_3.png,https://jsq.gptvip.chat/images/plant/model/v4/gold/Crop_46_3.png,超变果实/黄金·爱心果/黄金·爱心果_03_小叶子.png,3,4800
超变果实,/items/17,https://jsq.gptvip.chat/items/17,1040046,17,黄金·爱心果,gold/Crop_46,4,202,,,phase,4,大叶子,plant/model/v4/gold/Crop_46_4.png,https://jsq.gptvip.chat/images/plant/model/v4/gold/Crop_46_4.png,超变果实/黄金·爱心果/黄金·爱心果_04_大叶子.png,4,7200
超变果实,/items/17,https://jsq.gptvip.chat/items/17,1040046,17,黄金·爱心果,gold/Crop_46,4,202,,,phase,5,初熟,plant/model/v4/gold/Crop_46_5.png,https://jsq.gptvip.chat/images/plant/model/v4/gold/Crop_46_5.png,超变果实/黄金·爱心果/黄金·爱心果_05_初熟.png,5,7200
超变果实,/items/17,https://jsq.gptvip.chat/items/17,1040046,17,黄金·爱心果,gold/Crop_46,4,202,,,phase,6,成熟,plant/model/v4/gold/Crop_46_6.png,https://jsq.gptvip.chat/images/plant/model/v4/gold/Crop_46_6.png,超变果实/黄金·爱心果/黄金·爱心果_06_成熟.png,6,0
超变果实,/items/17,https://jsq.gptvip.chat/items/17,1040416,17,黄金·哈哈南瓜,gold/Crop_416,4,31,,,main,0,主图,plant/model/v4/Crop_416_6.png,https://jsq.gptvip.chat/images/plant/model/v4/Crop_416_6.png,超变果实/黄金·哈哈南瓜/黄金·哈哈南瓜_00_主图.png,,
超变果实,/items/17,https://jsq.gptvip.chat/items/17,1040416,17,黄金·哈哈南瓜,gold/Crop_416,4,31,,,phase,1,种子,plant/model/v4/gold/Crop_416_Seed.png,https://jsq.gptvip.chat/images/plant/model/v4/gold/Crop_416_Seed.png,超变果实/黄金·哈哈南瓜/黄金·哈哈南瓜_01_种子.png,Seed,17280
超变果实,/items/17,https://jsq.gptvip.chat/items/17,1040416,17,黄金·哈哈南瓜,gold/Crop_416,4,31,,,phase,2,发芽,plant/model/v4/Crop_416_2.png,https://jsq.gptvip.chat/images/plant/model/v4/Crop_416_2.png,超变果实/黄金·哈哈南瓜/黄金·哈哈南瓜_02_发芽.png,2,17280
超变果实,/items/17,https://jsq.gptvip.chat/items/17,1040416,17,黄金·哈哈南瓜,gold/Crop_416,4,31,,,phase,3,小叶子,plant/model/v4/Crop_416_3.png,https://jsq.gptvip.chat/images/plant/model/v4/Crop_416_3.png,超变果实/黄金·哈哈南瓜/黄金·哈哈南瓜_03_小叶子.png,3,17280
超变果实,/items/17,https://jsq.gptvip.chat/items/17,1040416,17,黄金·哈哈南瓜,gold/Crop_416,4,31,,,phase,4,大叶子,plant/model/v4/Crop_416_4.png,https://jsq.gptvip.chat/images/plant/model/v4/Crop_416_4.png,超变果实/黄金·哈哈南瓜/黄金·哈哈南瓜_04_大叶子.png,4,17280
超变果实,/items/17,https://jsq.gptvip.chat/items/17,1040416,17,黄金·哈哈南瓜,gold/Crop_416,4,31,,,phase,5,开花,plant/model/v4/Crop_416_5.png,https://jsq.gptvip.chat/images/plant/model/v4/Crop_416_5.png,超变果实/黄金·哈哈南瓜/黄金·哈哈南瓜_05_开花.png,5,17280
超变果实,/items/17,https://jsq.gptvip.chat/items/17,1040416,17,黄金·哈哈南瓜,gold/Crop_416,4,31,,,phase,6,成熟,plant/model/v4/Crop_416_6.png,https://jsq.gptvip.chat/images/plant/model/v4/Crop_416_6.png,超变果实/黄金·哈哈南瓜/黄金·哈哈南瓜_06_成熟.png,6,0
超变果实,/items/17,https://jsq.gptvip.chat/items/17,1049001,17,黄金·哈哈小南瓜,gold/Crop_9001,3,41,,,main,0,主图,plant/model/v4/gold/Crop_9001_Seed.png,https://jsq.gptvip.chat/images/plant/model/v4/gold/Crop_9001_Seed.png,超变果实/黄金·哈哈小南瓜/黄金·哈哈小南瓜_00_主图.png,,
超变果实,/items/17,https://jsq.gptvip.chat/items/17,1049001,17,黄金·哈哈小南瓜,gold/Crop_9001,3,41,,,phase,1,种子,plant/model/v4/gold/Crop_9001_Seed.png,https://jsq.gptvip.chat/images/plant/model/v4/gold/Crop_9001_Seed.png,超变果实/黄金·哈哈小南瓜/黄金·哈哈小南瓜_01_种子.png,Seed,8640
超变果实,/items/17,https://jsq.gptvip.chat/items/17,1040122,17,黄金·丁香花,gold/Crop_122,2,200,,,main,0,主图,plant/model/v4/gold/Crop_122_6.png,https://jsq.gptvip.chat/images/plant/model/v4/gold/Crop_122_6.png,超变果实/黄金·丁香花/黄金·丁香花_00_主图.png,,
超变果实,/items/17,https://jsq.gptvip.chat/items/17,1040122,17,黄金·丁香花,gold/Crop_122,2,200,,,phase,1,种子,plant/model/v4/gold/Crop_122_Seed.png,https://jsq.gptvip.chat/images/plant/model/v4/gold/Crop_122_Seed.png,超变果实/黄金·丁香花/黄金·丁香花_01_种子.png,Seed,5760
超变果实,/items/17,https://jsq.gptvip.chat/items/17,1040122,17,黄金·丁香花,gold/Crop_122,2,200,,,phase,2,发芽,plant/model/v4/gold/Crop_122_2.png,https://jsq.gptvip.chat/images/plant/model/v4/gold/Crop_122_2.png,超变果实/黄金·丁香花/黄金·丁香花_02_发芽.png,2,5760
超变果实,/items/17,https://jsq.gptvip.chat/items/17,1040122,17,黄金·丁香花,gold/Crop_122,2,200,,,phase,3,小叶子,plant/model/v4/gold/Crop_122_3.png,https://jsq.gptvip.chat/images/plant/model/v4/gold/Crop_122_3.png,超变果实/黄金·丁香花/黄金·丁香花_03_小叶子.png,3,5760
超变果实,/items/17,https://jsq.gptvip.chat/items/17,1040122,17,黄金·丁香花,gold/Crop_122,2,200,,,phase,4,大叶子,plant/model/v4/gold/Crop_122_4.png,https://jsq.gptvip.chat/images/plant/model/v4/gold/Crop_122_4.png,超变果实/黄金·丁香花/黄金·丁香花_04_大叶子.png,4,5760
超变果实,/items/17,https://jsq.gptvip.chat/items/17,1040122,17,黄金·丁香花,gold/Crop_122,2,200,,,phase,5,初熟,plant/model/v4/gold/Crop_122_5.png,https://jsq.gptvip.chat/images/plant/model/v4/gold/Crop_122_5.png,超变果实/黄金·丁香花/黄金·丁香花_05_初熟.png,5,5760
超变果实,/items/17,https://jsq.gptvip.chat/items/17,1040122,17,黄金·丁香花,gold/Crop_122,2,200,,,phase,6,成熟,plant/model/v4/gold/Crop_122_6.png,https://jsq.gptvip.chat/images/plant/model/v4/gold/Crop_122_6.png,超变果实/黄金·丁香花/黄金·丁香花_06_成熟.png,6,0
超变果实,/items/17,https://jsq.gptvip.chat/items/17,1040134,17,黄金·绿牡丹,gold/Crop_134,2,200,,,main,0,主图,plant/model/v4/gold/Crop_134_6.png,https://jsq.gptvip.chat/images/plant/model/v4/gold/Crop_134_6.png,超变果实/黄金·绿牡丹/黄金·绿牡丹_00_主图.png,,
超变果实,/items/17,https://jsq.gptvip.chat/items/17,1040134,17,黄金·绿牡丹,gold/Crop_134,2,200,,,phase,1,种子,plant/model/v4/gold/Crop_134_Seed.png,https://jsq.gptvip.chat/images/plant/model/v4/gold/Crop_134_Seed.png,超变果实/黄金·绿牡丹/黄金·绿牡丹_01_种子.png,Seed,5760
超变果实,/items/17,https://jsq.gptvip.chat/items/17,1040134,17,黄金·绿牡丹,gold/Crop_134,2,200,,,phase,2,发芽,plant/model/v4/gold/Crop_134_2.png,https://jsq.gptvip.chat/images/plant/model/v4/gold/Crop_134_2.png,超变果实/黄金·绿牡丹/黄金·绿牡丹_02_发芽.png,2,5760
超变果实,/items/17,https://jsq.gptvip.chat/items/17,1040134,17,黄金·绿牡丹,gold/Crop_134,2,200,,,phase,3,小叶子,plant/model/v4/gold/Crop_134_3.png,https://jsq.gptvip.chat/images/plant/model/v4/gold/Crop_134_3.png,超变果实/黄金·绿牡丹/黄金·绿牡丹_03_小叶子.png,3,5760
超变果实,/items/17,https://jsq.gptvip.chat/items/17,1040134,17,黄金·绿牡丹,gold/Crop_134,2,200,,,phase,4,大叶子,plant/model/v4/gold/Crop_134_4.png,https://jsq.gptvip.chat/images/plant/model/v4/gold/Crop_134_4.png,超变果实/黄金·绿牡丹/黄金·绿牡丹_04_大叶子.png,4,5760
超变果实,/items/17,https://jsq.gptvip.chat/items/17,1040134,17,黄金·绿牡丹,gold/Crop_134,2,200,,,phase,5,花蕾,plant/model/v4/gold/Crop_134_5.png,https://jsq.gptvip.chat/images/plant/model/v4/gold/Crop_134_5.png,超变果实/黄金·绿牡丹/黄金·绿牡丹_05_花蕾.png,5,5760
超变果实,/items/17,https://jsq.gptvip.chat/items/17,1040134,17,黄金·绿牡丹,gold/Crop_134,2,200,,,phase,6,盛开,plant/model/v4/gold/Crop_134_6.png,https://jsq.gptvip.chat/images/plant/model/v4/gold/Crop_134_6.png,超变果实/黄金·绿牡丹/黄金·绿牡丹_06_盛开.png,6,0
超变果实,/items/17,https://jsq.gptvip.chat/items/17,1040139,17,黄金·糖槭树花,gold/Crop_139,2,200,,,main,0,主图,plant/model/v4/gold/Crop_139_6.png,https://jsq.gptvip.chat/images/plant/model/v4/gold/Crop_139_6.png,超变果实/黄金·糖槭树花/黄金·糖槭树花_00_主图.png,,
超变果实,/items/17,https://jsq.gptvip.chat/items/17,1040139,17,黄金·糖槭树花,gold/Crop_139,2,200,,,phase,1,种子,plant/model/v4/gold/Crop_139_Seed.png,https://jsq.gptvip.chat/images/plant/model/v4/gold/Crop_139_Seed.png,超变果实/黄金·糖槭树花/黄金·糖槭树花_01_种子.png,Seed,8640
超变果实,/items/17,https://jsq.gptvip.chat/items/17,1040139,17,黄金·糖槭树花,gold/Crop_139,2,200,,,phase,2,发芽,plant/model/v4/gold/Crop_139_2.png,https://jsq.gptvip.chat/images/plant/model/v4/gold/Crop_139_2.png,超变果实/黄金·糖槭树花/黄金·糖槭树花_02_发芽.png,2,8640
超变果实,/items/17,https://jsq.gptvip.chat/items/17,1040139,17,黄金·糖槭树花,gold/Crop_139,2,200,,,phase,3,小叶子,plant/model/v4/gold/Crop_139_3.png,https://jsq.gptvip.chat/images/plant/model/v4/gold/Crop_139_3.png,超变果实/黄金·糖槭树花/黄金·糖槭树花_03_小叶子.png,3,8640
超变果实,/items/17,https://jsq.gptvip.chat/items/17,1040139,17,黄金·糖槭树花,gold/Crop_139,2,200,,,phase,4,大叶子,plant/model/v4/gold/Crop_139_4.png,https://jsq.gptvip.chat/images/plant/model/v4/gold/Crop_139_4.png,超变果实/黄金·糖槭树花/黄金·糖槭树花_04_大叶子.png,4,8640
超变果实,/items/17,https://jsq.gptvip.chat/items/17,1040139,17,黄金·糖槭树花,gold/Crop_139,2,200,,,phase,5,花蕾,plant/model/v4/gold/Crop_139_5.png,https://jsq.gptvip.chat/images/plant/model/v4/gold/Crop_139_5.png,超变果实/黄金·糖槭树花/黄金·糖槭树花_05_花蕾.png,5,8640
超变果实,/items/17,https://jsq.gptvip.chat/items/17,1040139,17,黄金·糖槭树花,gold/Crop_139,2,200,,,phase,6,盛开,plant/model/v4/gold/Crop_139_6.png,https://jsq.gptvip.chat/images/plant/model/v4/gold/Crop_139_6.png,超变果实/黄金·糖槭树花/黄金·糖槭树花_06_盛开.png,6,0
超变果实,/items/17,https://jsq.gptvip.chat/items/17,1040140,17,黄金·象牙红,gold/Crop_140,2,200,,,main,0,主图,plant/model/v4/gold/Crop_140_6.png,https://jsq.gptvip.chat/images/plant/model/v4/gold/Crop_140_6.png,超变果实/黄金·象牙红/黄金·象牙红_00_主图.png,,
超变果实,/items/17,https://jsq.gptvip.chat/items/17,1040140,17,黄金·象牙红,gold/Crop_140,2,200,,,phase,1,种子,plant/model/v4/gold/Crop_140_Seed.png,https://jsq.gptvip.chat/images/plant/model/v4/gold/Crop_140_Seed.png,超变果实/黄金·象牙红/黄金·象牙红_01_种子.png,Seed,8640
超变果实,/items/17,https://jsq.gptvip.chat/items/17,1040140,17,黄金·象牙红,gold/Crop_140,2,200,,,phase,2,发芽,plant/model/v4/gold/Crop_140_2.png,https://jsq.gptvip.chat/images/plant/model/v4/gold/Crop_140_2.png,超变果实/黄金·象牙红/黄金·象牙红_02_发芽.png,2,8640
超变果实,/items/17,https://jsq.gptvip.chat/items/17,1040140,17,黄金·象牙红,gold/Crop_140,2,200,,,phase,3,小叶子,plant/model/v4/gold/Crop_140_3.png,https://jsq.gptvip.chat/images/plant/model/v4/gold/Crop_140_3.png,超变果实/黄金·象牙红/黄金·象牙红_03_小叶子.png,3,8640
超变果实,/items/17,https://jsq.gptvip.chat/items/17,1040140,17,黄金·象牙红,gold/Crop_140,2,200,,,phase,4,大叶子,plant/model/v4/gold/Crop_140_4.png,https://jsq.gptvip.chat/images/plant/model/v4/gold/Crop_140_4.png,超变果实/黄金·象牙红/黄金·象牙红_04_大叶子.png,4,8640
超变果实,/items/17,https://jsq.gptvip.chat/items/17,1040140,17,黄金·象牙红,gold/Crop_140,2,200,,,phase,5,花蕾,plant/model/v4/gold/Crop_140_5.png,https://jsq.gptvip.chat/images/plant/model/v4/gold/Crop_140_5.png,超变果实/黄金·象牙红/黄金·象牙红_05_花蕾.png,5,8640
超变果实,/items/17,https://jsq.gptvip.chat/items/17,1040140,17,黄金·象牙红,gold/Crop_140,2,200,,,phase,6,盛开,plant/model/v4/gold/Crop_140_6.png,https://jsq.gptvip.chat/images/plant/model/v4/gold/Crop_140_6.png,超变果实/黄金·象牙红/黄金·象牙红_06_盛开.png,6,0
超变果实,/items/17,https://jsq.gptvip.chat/items/17,1040144,17,黄金·七里香,gold/Crop_144,2,200,,,main,0,主图,plant/model/v4/gold/Crop_144_6.png,https://jsq.gptvip.chat/images/plant/model/v4/gold/Crop_144_6.png,超变果实/黄金·七里香/黄金·七里香_00_主图.png,,
超变果实,/items/17,https://jsq.gptvip.chat/items/17,1040144,17,黄金·七里香,gold/Crop_144,2,200,,,phase,1,种子,plant/model/v4/gold/Crop_144_Seed.png,https://jsq.gptvip.chat/images/plant/model/v4/gold/Crop_144_Seed.png,超变果实/黄金·七里香/黄金·七里香_01_种子.png,Seed,2400
超变果实,/items/17,https://jsq.gptvip.chat/items/17,1040144,17,黄金·七里香,gold/Crop_144,2,200,,,phase,2,发芽,plant/model/v4/gold/Crop_144_2.png,https://jsq.gptvip.chat/images/plant/model/v4/gold/Crop_144_2.png,超变果实/黄金·七里香/黄金·七里香_02_发芽.png,2,2400
超变果实,/items/17,https://jsq.gptvip.chat/items/17,1040144,17,黄金·七里香,gold/Crop_144,2,200,,,phase,3,小叶子,plant/model/v4/gold/Crop_144_3.png,https://jsq.gptvip.chat/images/plant/model/v4/gold/Crop_144_3.png,超变果实/黄金·七里香/黄金·七里香_03_小叶子.png,3,2400
超变果实,/items/17,https://jsq.gptvip.chat/items/17,1040144,17,黄金·七里香,gold/Crop_144,2,200,,,phase,4,大叶子,plant/model/v4/gold/Crop_144_4.png,https://jsq.gptvip.chat/images/plant/model/v4/gold/Crop_144_4.png,超变果实/黄金·七里香/黄金·七里香_04_大叶子.png,4,3600
超变果实,/items/17,https://jsq.gptvip.chat/items/17,1040144,17,黄金·七里香,gold/Crop_144,2,200,,,phase,5,初熟,plant/model/v4/gold/Crop_144_5.png,https://jsq.gptvip.chat/images/plant/model/v4/gold/Crop_144_5.png,超变果实/黄金·七里香/黄金·七里香_05_初熟.png,5,3600
超变果实,/items/17,https://jsq.gptvip.chat/items/17,1040144,17,黄金·七里香,gold/Crop_144,2,200,,,phase,6,成熟,plant/model/v4/gold/Crop_144_6.png,https://jsq.gptvip.chat/images/plant/model/v4/gold/Crop_144_6.png,超变果实/黄金·七里香/黄金·七里香_06_成熟.png,6,0
超变果实,/items/17,https://jsq.gptvip.chat/items/17,1040154,17,黄金·月桂花,gold/Crop_154,2,200,,,main,0,主图,plant/model/v4/gold/Crop_154_6.png,https://jsq.gptvip.chat/images/plant/model/v4/gold/Crop_154_6.png,超变果实/黄金·月桂花/黄金·月桂花_00_主图.png,,
超变果实,/items/17,https://jsq.gptvip.chat/items/17,1040154,17,黄金·月桂花,gold/Crop_154,2,200,,,phase,1,种子,plant/model/v4/gold/Crop_154_Seed.png,https://jsq.gptvip.chat/images/plant/model/v4/gold/Crop_154_Seed.png,超变果实/黄金·月桂花/黄金·月桂花_01_种子.png,Seed,2400
超变果实,/items/17,https://jsq.gptvip.chat/items/17,1040154,17,黄金·月桂花,gold/Crop_154,2,200,,,phase,2,发芽,plant/model/v4/gold/Crop_154_2.png,https://jsq.gptvip.chat/images/plant/model/v4/gold/Crop_154_2.png,超变果实/黄金·月桂花/黄金·月桂花_02_发芽.png,2,2400
超变果实,/items/17,https://jsq.gptvip.chat/items/17,1040154,17,黄金·月桂花,gold/Crop_154,2,200,,,phase,3,小叶子,plant/model/v4/gold/Crop_154_3.png,https://jsq.gptvip.chat/images/plant/model/v4/gold/Crop_154_3.png,超变果实/黄金·月桂花/黄金·月桂花_03_小叶子.png,3,2400
超变果实,/items/17,https://jsq.gptvip.chat/items/17,1040154,17,黄金·月桂花,gold/Crop_154,2,200,,,phase,4,大叶子,plant/model/v4/gold/Crop_154_4.png,https://jsq.gptvip.chat/images/plant/model/v4/gold/Crop_154_4.png,超变果实/黄金·月桂花/黄金·月桂花_04_大叶子.png,4,3600
超变果实,/items/17,https://jsq.gptvip.chat/items/17,1040154,17,黄金·月桂花,gold/Crop_154,2,200,,,phase,5,花蕾,plant/model/v4/gold/Crop_154_5.png,https://jsq.gptvip.chat/images/plant/model/v4/gold/Crop_154_5.png,超变果实/黄金·月桂花/黄金·月桂花_05_花蕾.png,5,3600
超变果实,/items/17,https://jsq.gptvip.chat/items/17,1040154,17,黄金·月桂花,gold/Crop_154,2,200,,,phase,6,开花,plant/model/v4/gold/Crop_154_6.png,https://jsq.gptvip.chat/images/plant/model/v4/gold/Crop_154_6.png,超变果实/黄金·月桂花/黄金·月桂花_06_开花.png,6,0
超变果实,/items/17,https://jsq.gptvip.chat/items/17,1040263,17,黄金·天竺葵,gold/Crop_263,2,200,,,main,0,主图,plant/model/v4/gold/Crop_263_6.png,https://jsq.gptvip.chat/images/plant/model/v4/gold/Crop_263_6.png,超变果实/黄金·天竺葵/黄金·天竺葵_00_主图.png,,
超变果实,/items/17,https://jsq.gptvip.chat/items/17,1040263,17,黄金·天竺葵,gold/Crop_263,2,200,,,phase,1,种子,plant/model/v4/gold/Crop_263_Seed.png,https://jsq.gptvip.chat/images/plant/model/v4/gold/Crop_263_Seed.png,超变果实/黄金·天竺葵/黄金·天竺葵_01_种子.png,Seed,4800
超变果实,/items/17,https://jsq.gptvip.chat/items/17,1040263,17,黄金·天竺葵,gold/Crop_263,2,200,,,phase,2,发芽,plant/model/v4/gold/Crop_263_2.png,https://jsq.gptvip.chat/images/plant/model/v4/gold/Crop_263_2.png,超变果实/黄金·天竺葵/黄金·天竺葵_02_发芽.png,2,4800
超变果实,/items/17,https://jsq.gptvip.chat/items/17,1040263,17,黄金·天竺葵,gold/Crop_263,2,200,,,phase,3,小叶,plant/model/v4/gold/Crop_263_3.png,https://jsq.gptvip.chat/images/plant/model/v4/gold/Crop_263_3.png,超变果实/黄金·天竺葵/黄金·天竺葵_03_小叶.png,3,4800
超变果实,/items/17,https://jsq.gptvip.chat/items/17,1040263,17,黄金·天竺葵,gold/Crop_263,2,200,,,phase,4,大叶,plant/model/v4/gold/Crop_263_4.png,https://jsq.gptvip.chat/images/plant/model/v4/gold/Crop_263_4.png,超变果实/黄金·天竺葵/黄金·天竺葵_04_大叶.png,4,7200
超变果实,/items/17,https://jsq.gptvip.chat/items/17,1040263,17,黄金·天竺葵,gold/Crop_263,2,200,,,phase,5,花蕾,plant/model/v4/gold/Crop_263_5.png,https://jsq.gptvip.chat/images/plant/model/v4/gold/Crop_263_5.png,超变果实/黄金·天竺葵/黄金·天竺葵_05_花蕾.png,5,7200
超变果实,/items/17,https://jsq.gptvip.chat/items/17,1040263,17,黄金·天竺葵,gold/Crop_263,2,200,,,phase,6,开花,plant/model/v4/gold/Crop_263_6.png,https://jsq.gptvip.chat/images/plant/model/v4/gold/Crop_263_6.png,超变果实/黄金·天竺葵/黄金·天竺葵_06_开花.png,6,0
超变果实,/items/17,https://jsq.gptvip.chat/items/17,1040269,17,黄金·桔梗花,gold/Crop_269,2,200,,,main,0,主图,plant/model/v4/gold/Crop_269_6.png,https://jsq.gptvip.chat/images/plant/model/v4/gold/Crop_269_6.png,超变果实/黄金·桔梗花/黄金·桔梗花_00_主图.png,,
超变果实,/items/17,https://jsq.gptvip.chat/items/17,1040269,17,黄金·桔梗花,gold/Crop_269,2,200,,,phase,1,种子,plant/model/v4/gold/Crop_269_Seed.png,https://jsq.gptvip.chat/images/plant/model/v4/gold/Crop_269_Seed.png,超变果实/黄金·桔梗花/黄金·桔梗花_01_种子.png,Seed,4800
超变果实,/items/17,https://jsq.gptvip.chat/items/17,1040269,17,黄金·桔梗花,gold/Crop_269,2,200,,,phase,2,发芽,plant/model/v4/gold/Crop_269_2.png,https://jsq.gptvip.chat/images/plant/model/v4/gold/Crop_269_2.png,超变果实/黄金·桔梗花/黄金·桔梗花_02_发芽.png,2,4800
超变果实,/items/17,https://jsq.gptvip.chat/items/17,1040269,17,黄金·桔梗花,gold/Crop_269,2,200,,,phase,3,小叶子,plant/model/v4/gold/Crop_269_3.png,https://jsq.gptvip.chat/images/plant/model/v4/gold/Crop_269_3.png,超变果实/黄金·桔梗花/黄金·桔梗花_03_小叶子.png,3,4800
超变果实,/items/17,https://jsq.gptvip.chat/items/17,1040269,17,黄金·桔梗花,gold/Crop_269,2,200,,,phase,4,大叶子,plant/model/v4/gold/Crop_269_4.png,https://jsq.gptvip.chat/images/plant/model/v4/gold/Crop_269_4.png,超变果实/黄金·桔梗花/黄金·桔梗花_04_大叶子.png,4,7200
超变果实,/items/17,https://jsq.gptvip.chat/items/17,1040269,17,黄金·桔梗花,gold/Crop_269,2,200,,,phase,5,开花,plant/model/v4/gold/Crop_269_5.png,https://jsq.gptvip.chat/images/plant/model/v4/gold/Crop_269_5.png,超变果实/黄金·桔梗花/黄金·桔梗花_05_开花.png,5,7200
超变果实,/items/17,https://jsq.gptvip.chat/items/17,1040269,17,黄金·桔梗花,gold/Crop_269,2,200,,,phase,6,成熟,plant/model/v4/gold/Crop_269_6.png,https://jsq.gptvip.chat/images/plant/model/v4/gold/Crop_269_6.png,超变果实/黄金·桔梗花/黄金·桔梗花_06_成熟.png,6,0
超变果实,/items/17,https://jsq.gptvip.chat/items/17,1040199,17,黄金·石莲花,gold/Crop_199,3,200,,,main,0,主图,plant/model/v4/gold/Crop_199_6.png,https://jsq.gptvip.chat/images/plant/model/v4/gold/Crop_199_6.png,超变果实/黄金·石莲花/黄金·石莲花_00_主图.png,,
超变果实,/items/17,https://jsq.gptvip.chat/items/17,1040199,17,黄金·石莲花,gold/Crop_199,3,200,,,phase,1,种子,plant/model/v4/gold/Crop_199_Seed.png,https://jsq.gptvip.chat/images/plant/model/v4/gold/Crop_199_Seed.png,超变果实/黄金·石莲花/黄金·石莲花_01_种子.png,Seed,2400
超变果实,/items/17,https://jsq.gptvip.chat/items/17,1040199,17,黄金·石莲花,gold/Crop_199,3,200,,,phase,2,发芽,plant/model/v4/gold/Crop_199_2.png,https://jsq.gptvip.chat/images/plant/model/v4/gold/Crop_199_2.png,超变果实/黄金·石莲花/黄金·石莲花_02_发芽.png,2,2400
超变果实,/items/17,https://jsq.gptvip.chat/items/17,1040199,17,黄金·石莲花,gold/Crop_199,3,200,,,phase,3,小叶子,plant/model/v4/gold/Crop_199_3.png,https://jsq.gptvip.chat/images/plant/model/v4/gold/Crop_199_3.png,超变果实/黄金·石莲花/黄金·石莲花_03_小叶子.png,3,2400
超变果实,/items/17,https://jsq.gptvip.chat/items/17,1040199,17,黄金·石莲花,gold/Crop_199,3,200,,,phase,4,大叶子,plant/model/v4/gold/Crop_199_4.png,https://jsq.gptvip.chat/images/plant/model/v4/gold/Crop_199_4.png,超变果实/黄金·石莲花/黄金·石莲花_04_大叶子.png,4,3600
超变果实,/items/17,https://jsq.gptvip.chat/items/17,1040199,17,黄金·石莲花,gold/Crop_199,3,200,,,phase,5,初熟,plant/model/v4/gold/Crop_199_5.png,https://jsq.gptvip.chat/images/plant/model/v4/gold/Crop_199_5.png,超变果实/黄金·石莲花/黄金·石莲花_05_初熟.png,5,3600
超变果实,/items/17,https://jsq.gptvip.chat/items/17,1040199,17,黄金·石莲花,gold/Crop_199,3,200,,,phase,6,成熟,plant/model/v4/gold/Crop_199_6.png,https://jsq.gptvip.chat/images/plant/model/v4/gold/Crop_199_6.png,超变果实/黄金·石莲花/黄金·石莲花_06_成熟.png,6,0
超变果实,/items/17,https://jsq.gptvip.chat/items/17,1040262,17,黄金·帝王花,gold/Crop_262,3,200,,,main,0,主图,plant/model/v4/gold/Crop_262_6.png,https://jsq.gptvip.chat/images/plant/model/v4/gold/Crop_262_6.png,超变果实/黄金·帝王花/黄金·帝王花_00_主图.png,,
超变果实,/items/17,https://jsq.gptvip.chat/items/17,1040262,17,黄金·帝王花,gold/Crop_262,3,200,,,phase,1,种子,plant/model/v4/gold/Crop_262_Seed.png,https://jsq.gptvip.chat/images/plant/model/v4/gold/Crop_262_Seed.png,超变果实/黄金·帝王花/黄金·帝王花_01_种子.png,Seed,4800
超变果实,/items/17,https://jsq.gptvip.chat/items/17,1040262,17,黄金·帝王花,gold/Crop_262,3,200,,,phase,2,发芽,plant/model/v4/gold/Crop_262_2.png,https://jsq.gptvip.chat/images/plant/model/v4/gold/Crop_262_2.png,超变果实/黄金·帝王花/黄金·帝王花_02_发芽.png,2,4800
超变果实,/items/17,https://jsq.gptvip.chat/items/17,1040262,17,黄金·帝王花,gold/Crop_262,3,200,,,phase,3,小叶子,plant/model/v4/gold/Crop_262_3.png,https://jsq.gptvip.chat/images/plant/model/v4/gold/Crop_262_3.png,超变果实/黄金·帝王花/黄金·帝王花_03_小叶子.png,3,4800
超变果实,/items/17,https://jsq.gptvip.chat/items/17,1040262,17,黄金·帝王花,gold/Crop_262,3,200,,,phase,4,大叶子,plant/model/v4/gold/Crop_262_4.png,https://jsq.gptvip.chat/images/plant/model/v4/gold/Crop_262_4.png,超变果实/黄金·帝王花/黄金·帝王花_04_大叶子.png,4,7200
超变果实,/items/17,https://jsq.gptvip.chat/items/17,1040262,17,黄金·帝王花,gold/Crop_262,3,200,,,phase,5,花蕾,plant/model/v4/gold/Crop_262_5.png,https://jsq.gptvip.chat/images/plant/model/v4/gold/Crop_262_5.png,超变果实/黄金·帝王花/黄金·帝王花_05_花蕾.png,5,7200
超变果实,/items/17,https://jsq.gptvip.chat/items/17,1040262,17,黄金·帝王花,gold/Crop_262,3,200,,,phase,6,盛开,plant/model/v4/gold/Crop_262_6.png,https://jsq.gptvip.chat/images/plant/model/v4/gold/Crop_262_6.png,超变果实/黄金·帝王花/黄金·帝王花_06_盛开.png,6,0
超变果实,/items/17,https://jsq.gptvip.chat/items/17,1040223,17,黄金·夏蜡梅,gold/Crop_223,3,200,,,main,0,主图,plant/model/v4/gold/Crop_223_6.png,https://jsq.gptvip.chat/images/plant/model/v4/gold/Crop_223_6.png,超变果实/黄金·夏蜡梅/黄金·夏蜡梅_00_主图.png,,
超变果实,/items/17,https://jsq.gptvip.chat/items/17,1040223,17,黄金·夏蜡梅,gold/Crop_223,3,200,,,phase,1,种子,plant/model/v4/gold/Crop_223_Seed.png,https://jsq.gptvip.chat/images/plant/model/v4/gold/Crop_223_Seed.png,超变果实/黄金·夏蜡梅/黄金·夏蜡梅_01_种子.png,Seed,8640
超变果实,/items/17,https://jsq.gptvip.chat/items/17,1040223,17,黄金·夏蜡梅,gold/Crop_223,3,200,,,phase,2,发芽,plant/model/v4/gold/Crop_223_2.png,https://jsq.gptvip.chat/images/plant/model/v4/gold/Crop_223_2.png,超变果实/黄金·夏蜡梅/黄金·夏蜡梅_02_发芽.png,2,8640
超变果实,/items/17,https://jsq.gptvip.chat/items/17,1040223,17,黄金·夏蜡梅,gold/Crop_223,3,200,,,phase,3,小叶子,plant/model/v4/gold/Crop_223_3.png,https://jsq.gptvip.chat/images/plant/model/v4/gold/Crop_223_3.png,超变果实/黄金·夏蜡梅/黄金·夏蜡梅_03_小叶子.png,3,8640
超变果实,/items/17,https://jsq.gptvip.chat/items/17,1040223,17,黄金·夏蜡梅,gold/Crop_223,3,200,,,phase,4,大叶子,plant/model/v4/gold/Crop_223_4.png,https://jsq.gptvip.chat/images/plant/model/v4/gold/Crop_223_4.png,超变果实/黄金·夏蜡梅/黄金·夏蜡梅_04_大叶子.png,4,8640
超变果实,/items/17,https://jsq.gptvip.chat/items/17,1040223,17,黄金·夏蜡梅,gold/Crop_223,3,200,,,phase,5,花蕾,plant/model/v4/gold/Crop_223_5.png,https://jsq.gptvip.chat/images/plant/model/v4/gold/Crop_223_5.png,超变果实/黄金·夏蜡梅/黄金·夏蜡梅_05_花蕾.png,5,8640
超变果实,/items/17,https://jsq.gptvip.chat/items/17,1040223,17,黄金·夏蜡梅,gold/Crop_223,3,200,,,phase,6,盛开,plant/model/v4/gold/Crop_223_6.png,https://jsq.gptvip.chat/images/plant/model/v4/gold/Crop_223_6.png,超变果实/黄金·夏蜡梅/黄金·夏蜡梅_06_盛开.png,6,0
超变果实,/items/17,https://jsq.gptvip.chat/items/17,1040185,17,黄金·似何莲,gold/Crop_185,2,200,,,main,0,主图,plant/model/v4/gold/Crop_185_6.png,https://jsq.gptvip.chat/images/plant/model/v4/gold/Crop_185_6.png,超变果实/黄金·似何莲/黄金·似何莲_00_主图.png,,
超变果实,/items/17,https://jsq.gptvip.chat/items/17,1040185,17,黄金·似何莲,gold/Crop_185,2,200,,,phase,1,种子,plant/model/v4/gold/Crop_185_Seed.png,https://jsq.gptvip.chat/images/plant/model/v4/gold/Crop_185_Seed.png,超变果实/黄金·似何莲/黄金·似何莲_01_种子.png,Seed,8640
超变果实,/items/17,https://jsq.gptvip.chat/items/17,1040185,17,黄金·似何莲,gold/Crop_185,2,200,,,phase,2,发芽,plant/model/v4/gold/Crop_185_2.png,https://jsq.gptvip.chat/images/plant/model/v4/gold/Crop_185_2.png,超变果实/黄金·似何莲/黄金·似何莲_02_发芽.png,2,8640
超变果实,/items/17,https://jsq.gptvip.chat/items/17,1040185,17,黄金·似何莲,gold/Crop_185,2,200,,,phase,3,小叶子,plant/model/v4/gold/Crop_185_3.png,https://jsq.gptvip.chat/images/plant/model/v4/gold/Crop_185_3.png,超变果实/黄金·似何莲/黄金·似何莲_03_小叶子.png,3,8640
超变果实,/items/17,https://jsq.gptvip.chat/items/17,1040185,17,黄金·似何莲,gold/Crop_185,2,200,,,phase,4,大叶子,plant/model/v4/gold/Crop_185_4.png,https://jsq.gptvip.chat/images/plant/model/v4/gold/Crop_185_4.png,超变果实/黄金·似何莲/黄金·似何莲_04_大叶子.png,4,8640
超变果实,/items/17,https://jsq.gptvip.chat/items/17,1040185,17,黄金·似何莲,gold/Crop_185,2,200,,,phase,5,花蕾,plant/model/v4/gold/Crop_185_5.png,https://jsq.gptvip.chat/images/plant/model/v4/gold/Crop_185_5.png,超变果实/黄金·似何莲/黄金·似何莲_05_花蕾.png,5,8640
超变果实,/items/17,https://jsq.gptvip.chat/items/17,1040185,17,黄金·似何莲,gold/Crop_185,2,200,,,phase,6,盛开,plant/model/v4/gold/Crop_185_6.png,https://jsq.gptvip.chat/images/plant/model/v4/gold/Crop_185_6.png,超变果实/黄金·似何莲/黄金·似何莲_06_盛开.png,6,0
超变果实,/items/17,https://jsq.gptvip.chat/items/17,1040267,17,黄金·地涌金莲,gold/Crop_267,3,200,,,main,0,主图,plant/model/v4/gold/Crop_267_6.png,https://jsq.gptvip.chat/images/plant/model/v4/gold/Crop_267_6.png,超变果实/黄金·地涌金莲/黄金·地涌金莲_00_主图.png,,
超变果实,/items/17,https://jsq.gptvip.chat/items/17,1040267,17,黄金·地涌金莲,gold/Crop_267,3,200,,,phase,1,种子,plant/model/v4/gold/Crop_267_Seed.png,https://jsq.gptvip.chat/images/plant/model/v4/gold/Crop_267_Seed.png,超变果实/黄金·地涌金莲/黄金·地涌金莲_01_种子.png,Seed,8640
超变果实,/items/17,https://jsq.gptvip.chat/items/17,1040267,17,黄金·地涌金莲,gold/Crop_267,3,200,,,phase,2,发芽,plant/model/v4/gold/Crop_267_2.png,https://jsq.gptvip.chat/images/plant/model/v4/gold/Crop_267_2.png,超变果实/黄金·地涌金莲/黄金·地涌金莲_02_发芽.png,2,8640
超变果实,/items/17,https://jsq.gptvip.chat/items/17,1040267,17,黄金·地涌金莲,gold/Crop_267,3,200,,,phase,3,小叶子,plant/model/v4/gold/Crop_267_3.png,https://jsq.gptvip.chat/images/plant/model/v4/gold/Crop_267_3.png,超变果实/黄金·地涌金莲/黄金·地涌金莲_03_小叶子.png,3,8640
超变果实,/items/17,https://jsq.gptvip.chat/items/17,1040267,17,黄金·地涌金莲,gold/Crop_267,3,200,,,phase,4,大叶子,plant/model/v4/gold/Crop_267_4.png,https://jsq.gptvip.chat/images/plant/model/v4/gold/Crop_267_4.png,超变果实/黄金·地涌金莲/黄金·地涌金莲_04_大叶子.png,4,8640
超变果实,/items/17,https://jsq.gptvip.chat/items/17,1040267,17,黄金·地涌金莲,gold/Crop_267,3,200,,,phase,5,花蕾,plant/model/v4/gold/Crop_267_5.png,https://jsq.gptvip.chat/images/plant/model/v4/gold/Crop_267_5.png,超变果实/黄金·地涌金莲/黄金·地涌金莲_05_花蕾.png,5,8640
超变果实,/items/17,https://jsq.gptvip.chat/items/17,1040267,17,黄金·地涌金莲,gold/Crop_267,3,200,,,phase,6,盛开,plant/model/v4/gold/Crop_267_6.png,https://jsq.gptvip.chat/images/plant/model/v4/gold/Crop_267_6.png,超变果实/黄金·地涌金莲/黄金·地涌金莲_06_盛开.png,6,0
超变果实,/items/17,https://jsq.gptvip.chat/items/17,1040133,17,黄金·凤仙花,gold/Crop_133,2,200,,,main,0,主图,plant/model/v4/gold/Crop_133_6.png,https://jsq.gptvip.chat/images/plant/model/v4/gold/Crop_133_6.png,超变果实/黄金·凤仙花/黄金·凤仙花_00_主图.png,,
超变果实,/items/17,https://jsq.gptvip.chat/items/17,1040133,17,黄金·凤仙花,gold/Crop_133,2,200,,,phase,1,种子,plant/model/v4/gold/Crop_133_Seed.png,https://jsq.gptvip.chat/images/plant/model/v4/gold/Crop_133_Seed.png,超变果实/黄金·凤仙花/黄金·凤仙花_01_种子.png,Seed,8640
超变果实,/items/17,https://jsq.gptvip.chat/items/17,1040133,17,黄金·凤仙花,gold/Crop_133,2,200,,,phase,2,发芽,plant/model/v4/gold/Crop_133_2.png,https://jsq.gptvip.chat/images/plant/model/v4/gold/Crop_133_2.png,超变果实/黄金·凤仙花/黄金·凤仙花_02_发芽.png,2,8640
超变果实,/items/17,https://jsq.gptvip.chat/items/17,1040133,17,黄金·凤仙花,gold/Crop_133,2,200,,,phase,3,小叶子,plant/model/v4/gold/Crop_133_3.png,https://jsq.gptvip.chat/images/plant/model/v4/gold/Crop_133_3.png,超变果实/黄金·凤仙花/黄金·凤仙花_03_小叶子.png,3,8640
超变果实,/items/17,https://jsq.gptvip.chat/items/17,1040133,17,黄金·凤仙花,gold/Crop_133,2,200,,,phase,4,大叶子,plant/model/v4/gold/Crop_133_4.png,https://jsq.gptvip.chat/images/plant/model/v4/gold/Crop_133_4.png,超变果实/黄金·凤仙花/黄金·凤仙花_04_大叶子.png,4,8640
超变果实,/items/17,https://jsq.gptvip.chat/items/17,1040133,17,黄金·凤仙花,gold/Crop_133,2,200,,,phase,5,花蕾,plant/model/v4/gold/Crop_133_5.png,https://jsq.gptvip.chat/images/plant/model/v4/gold/Crop_133_5.png,超变果实/黄金·凤仙花/黄金·凤仙花_05_花蕾.png,5,8640
超变果实,/items/17,https://jsq.gptvip.chat/items/17,1040133,17,黄金·凤仙花,gold/Crop_133,2,200,,,phase,6,盛开,plant/model/v4/gold/Crop_133_6.png,https://jsq.gptvip.chat/images/plant/model/v4/gold/Crop_133_6.png,超变果实/黄金·凤仙花/黄金·凤仙花_06_盛开.png,6,0
超变果实,/items/17,https://jsq.gptvip.chat/items/17,1040176,17,黄金·金银花,gold/Crop_176,2,200,,,main,0,主图,plant/model/v4/gold/Crop_176_6.png,https://jsq.gptvip.chat/images/plant/model/v4/gold/Crop_176_6.png,超变果实/黄金·金银花/黄金·金银花_00_主图.png,,
超变果实,/items/17,https://jsq.gptvip.chat/items/17,1040176,17,黄金·金银花,gold/Crop_176,2,200,,,phase,1,种子,plant/model/v4/gold/Crop_176_Seed.png,https://jsq.gptvip.chat/images/plant/model/v4/gold/Crop_176_Seed.png,超变果实/黄金·金银花/黄金·金银花_01_种子.png,Seed,8640
超变果实,/items/17,https://jsq.gptvip.chat/items/17,1040176,17,黄金·金银花,gold/Crop_176,2,200,,,phase,2,发芽,plant/model/v4/gold/Crop_176_2.png,https://jsq.gptvip.chat/images/plant/model/v4/gold/Crop_176_2.png,超变果实/黄金·金银花/黄金·金银花_02_发芽.png,2,8640
超变果实,/items/17,https://jsq.gptvip.chat/items/17,1040176,17,黄金·金银花,gold/Crop_176,2,200,,,phase,3,小叶子,plant/model/v4/gold/Crop_176_3.png,https://jsq.gptvip.chat/images/plant/model/v4/gold/Crop_176_3.png,超变果实/黄金·金银花/黄金·金银花_03_小叶子.png,3,8640
超变果实,/items/17,https://jsq.gptvip.chat/items/17,1040176,17,黄金·金银花,gold/Crop_176,2,200,,,phase,4,大叶子,plant/model/v4/gold/Crop_176_4.png,https://jsq.gptvip.chat/images/plant/model/v4/gold/Crop_176_4.png,超变果实/黄金·金银花/黄金·金银花_04_大叶子.png,4,8640
超变果实,/items/17,https://jsq.gptvip.chat/items/17,1040176,17,黄金·金银花,gold/Crop_176,2,200,,,phase,5,花蕾,plant/model/v4/gold/Crop_176_5.png,https://jsq.gptvip.chat/images/plant/model/v4/gold/Crop_176_5.png,超变果实/黄金·金银花/黄金·金银花_05_花蕾.png,5,8640
超变果实,/items/17,https://jsq.gptvip.chat/items/17,1040176,17,黄金·金银花,gold/Crop_176,2,200,,,phase,6,盛开,plant/model/v4/gold/Crop_176_6.png,https://jsq.gptvip.chat/images/plant/model/v4/gold/Crop_176_6.png,超变果实/黄金·金银花/黄金·金银花_06_盛开.png,6,0
超变果实,/items/17,https://jsq.gptvip.chat/items/17,1040186,17,黄金·米兰,gold/Crop_186,2,200,,,main,0,主图,plant/model/v4/gold/Crop_186_6.png,https://jsq.gptvip.chat/images/plant/model/v4/gold/Crop_186_6.png,超变果实/黄金·米兰/黄金·米兰_00_主图.png,,
超变果实,/items/17,https://jsq.gptvip.chat/items/17,1040186,17,黄金·米兰,gold/Crop_186,2,200,,,phase,1,种子,plant/model/v4/gold/Crop_186_Seed.png,https://jsq.gptvip.chat/images/plant/model/v4/gold/Crop_186_Seed.png,超变果实/黄金·米兰/黄金·米兰_01_种子.png,Seed,8640
超变果实,/items/17,https://jsq.gptvip.chat/items/17,1040186,17,黄金·米兰,gold/Crop_186,2,200,,,phase,2,发芽,plant/model/v4/gold/Crop_186_2.png,https://jsq.gptvip.chat/images/plant/model/v4/gold/Crop_186_2.png,超变果实/黄金·米兰/黄金·米兰_02_发芽.png,2,8640
超变果实,/items/17,https://jsq.gptvip.chat/items/17,1040186,17,黄金·米兰,gold/Crop_186,2,200,,,phase,3,小叶子,plant/model/v4/gold/Crop_186_3.png,https://jsq.gptvip.chat/images/plant/model/v4/gold/Crop_186_3.png,超变果实/黄金·米兰/黄金·米兰_03_小叶子.png,3,8640
超变果实,/items/17,https://jsq.gptvip.chat/items/17,1040186,17,黄金·米兰,gold/Crop_186,2,200,,,phase,4,大叶子,plant/model/v4/gold/Crop_186_4.png,https://jsq.gptvip.chat/images/plant/model/v4/gold/Crop_186_4.png,超变果实/黄金·米兰/黄金·米兰_04_大叶子.png,4,8640
超变果实,/items/17,https://jsq.gptvip.chat/items/17,1040186,17,黄金·米兰,gold/Crop_186,2,200,,,phase,5,花蕾,plant/model/v4/gold/Crop_186_5.png,https://jsq.gptvip.chat/images/plant/model/v4/gold/Crop_186_5.png,超变果实/黄金·米兰/黄金·米兰_05_花蕾.png,5,8640
超变果实,/items/17,https://jsq.gptvip.chat/items/17,1040186,17,黄金·米兰,gold/Crop_186,2,200,,,phase,6,盛开,plant/model/v4/gold/Crop_186_6.png,https://jsq.gptvip.chat/images/plant/model/v4/gold/Crop_186_6.png,超变果实/黄金·米兰/黄金·米兰_06_盛开.png,6,0
超变果实,/items/17,https://jsq.gptvip.chat/items/17,1040251,17,黄金·鹭草,gold/Crop_251,2,200,,,main,0,主图,plant/model/v4/gold/Crop_251_6.png,https://jsq.gptvip.chat/images/plant/model/v4/gold/Crop_251_6.png,超变果实/黄金·鹭草/黄金·鹭草_00_主图.png,,
超变果实,/items/17,https://jsq.gptvip.chat/items/17,1040251,17,黄金·鹭草,gold/Crop_251,2,200,,,phase,1,种子,plant/model/v4/gold/Crop_251_Seed.png,https://jsq.gptvip.chat/images/plant/model/v4/gold/Crop_251_Seed.png,超变果实/黄金·鹭草/黄金·鹭草_01_种子.png,Seed,8640
超变果实,/items/17,https://jsq.gptvip.chat/items/17,1040251,17,黄金·鹭草,gold/Crop_251,2,200,,,phase,2,发芽,plant/model/v4/gold/Crop_251_2.png,https://jsq.gptvip.chat/images/plant/model/v4/gold/Crop_251_2.png,超变果实/黄金·鹭草/黄金·鹭草_02_发芽.png,2,8640
超变果实,/items/17,https://jsq.gptvip.chat/items/17,1040251,17,黄金·鹭草,gold/Crop_251,2,200,,,phase,3,小叶子,plant/model/v4/gold/Crop_251_3.png,https://jsq.gptvip.chat/images/plant/model/v4/gold/Crop_251_3.png,超变果实/黄金·鹭草/黄金·鹭草_03_小叶子.png,3,8640
超变果实,/items/17,https://jsq.gptvip.chat/items/17,1040251,17,黄金·鹭草,gold/Crop_251,2,200,,,phase,4,大叶子,plant/model/v4/gold/Crop_251_4.png,https://jsq.gptvip.chat/images/plant/model/v4/gold/Crop_251_4.png,超变果实/黄金·鹭草/黄金·鹭草_04_大叶子.png,4,8640
超变果实,/items/17,https://jsq.gptvip.chat/items/17,1040251,17,黄金·鹭草,gold/Crop_251,2,200,,,phase,5,花蕾,plant/model/v4/gold/Crop_251_5.png,https://jsq.gptvip.chat/images/plant/model/v4/gold/Crop_251_5.png,超变果实/黄金·鹭草/黄金·鹭草_05_花蕾.png,5,8640
超变果实,/items/17,https://jsq.gptvip.chat/items/17,1040251,17,黄金·鹭草,gold/Crop_251,2,200,,,phase,6,盛开,plant/model/v4/gold/Crop_251_6.png,https://jsq.gptvip.chat/images/plant/model/v4/gold/Crop_251_6.png,超变果实/黄金·鹭草/黄金·鹭草_06_盛开.png,6,0
超变果实,/items/17,https://jsq.gptvip.chat/items/17,1041044,17,黄金·繁星花,gold/Crop_1044,3,200,,,main,0,主图,plant/model/v4/gold/Crop_1044_6.png,https://jsq.gptvip.chat/images/plant/model/v4/gold/Crop_1044_6.png,超变果实/黄金·繁星花/黄金·繁星花_00_主图.png,,
超变果实,/items/17,https://jsq.gptvip.chat/items/17,1041044,17,黄金·繁星花,gold/Crop_1044,3,200,,,phase,1,种子,plant/model/v4/gold/Crop_1044_Seed.png,https://jsq.gptvip.chat/images/plant/model/v4/gold/Crop_1044_Seed.png,超变果实/黄金·繁星花/黄金·繁星花_01_种子.png,Seed,8640
超变果实,/items/17,https://jsq.gptvip.chat/items/17,1041044,17,黄金·繁星花,gold/Crop_1044,3,200,,,phase,2,发芽,plant/model/v4/gold/Crop_1044_2.png,https://jsq.gptvip.chat/images/plant/model/v4/gold/Crop_1044_2.png,超变果实/黄金·繁星花/黄金·繁星花_02_发芽.png,2,8640
超变果实,/items/17,https://jsq.gptvip.chat/items/17,1041044,17,黄金·繁星花,gold/Crop_1044,3,200,,,phase,3,小叶子,plant/model/v4/gold/Crop_1044_3.png,https://jsq.gptvip.chat/images/plant/model/v4/gold/Crop_1044_3.png,超变果实/黄金·繁星花/黄金·繁星花_03_小叶子.png,3,8640
超变果实,/items/17,https://jsq.gptvip.chat/items/17,1041044,17,黄金·繁星花,gold/Crop_1044,3,200,,,phase,4,大叶子,plant/model/v4/gold/Crop_1044_4.png,https://jsq.gptvip.chat/images/plant/model/v4/gold/Crop_1044_4.png,超变果实/黄金·繁星花/黄金·繁星花_04_大叶子.png,4,8640
超变果实,/items/17,https://jsq.gptvip.chat/items/17,1041044,17,黄金·繁星花,gold/Crop_1044,3,200,,,phase,5,花蕾,plant/model/v4/gold/Crop_1044_5.png,https://jsq.gptvip.chat/images/plant/model/v4/gold/Crop_1044_5.png,超变果实/黄金·繁星花/黄金·繁星花_05_花蕾.png,5,8640
超变果实,/items/17,https://jsq.gptvip.chat/items/17,1041044,17,黄金·繁星花,gold/Crop_1044,3,200,,,phase,6,盛开,plant/model/v4/gold/Crop_1044_6.png,https://jsq.gptvip.chat/images/plant/model/v4/gold/Crop_1044_6.png,超变果实/黄金·繁星花/黄金·繁星花_06_盛开.png,6,0
超变果实,/items/17,https://jsq.gptvip.chat/items/17,1041038,17,黄金·香彩雀,gold/Crop_1038,3,200,,,main,0,主图,plant/model/v4/gold/Crop_1038_6.png,https://jsq.gptvip.chat/images/plant/model/v4/gold/Crop_1038_6.png,超变果实/黄金·香彩雀/黄金·香彩雀_00_主图.png,,
超变果实,/items/17,https://jsq.gptvip.chat/items/17,1041038,17,黄金·香彩雀,gold/Crop_1038,3,200,,,phase,1,种子,plant/model/v4/gold/Crop_1038_Seed.png,https://jsq.gptvip.chat/images/plant/model/v4/gold/Crop_1038_Seed.png,超变果实/黄金·香彩雀/黄金·香彩雀_01_种子.png,Seed,8640
超变果实,/items/17,https://jsq.gptvip.chat/items/17,1041038,17,黄金·香彩雀,gold/Crop_1038,3,200,,,phase,2,发芽,plant/model/v4/gold/Crop_1038_2.png,https://jsq.gptvip.chat/images/plant/model/v4/gold/Crop_1038_2.png,超变果实/黄金·香彩雀/黄金·香彩雀_02_发芽.png,2,8640
超变果实,/items/17,https://jsq.gptvip.chat/items/17,1041038,17,黄金·香彩雀,gold/Crop_1038,3,200,,,phase,3,小叶子,plant/model/v4/gold/Crop_1038_3.png,https://jsq.gptvip.chat/images/plant/model/v4/gold/Crop_1038_3.png,超变果实/黄金·香彩雀/黄金·香彩雀_03_小叶子.png,3,8640
超变果实,/items/17,https://jsq.gptvip.chat/items/17,1041038,17,黄金·香彩雀,gold/Crop_1038,3,200,,,phase,4,大叶子,plant/model/v4/gold/Crop_1038_4.png,https://jsq.gptvip.chat/images/plant/model/v4/gold/Crop_1038_4.png,超变果实/黄金·香彩雀/黄金·香彩雀_04_大叶子.png,4,8640
超变果实,/items/17,https://jsq.gptvip.chat/items/17,1041038,17,黄金·香彩雀,gold/Crop_1038,3,200,,,phase,5,花蕾,plant/model/v4/gold/Crop_1038_5.png,https://jsq.gptvip.chat/images/plant/model/v4/gold/Crop_1038_5.png,超变果实/黄金·香彩雀/黄金·香彩雀_05_花蕾.png,5,8640
超变果实,/items/17,https://jsq.gptvip.chat/items/17,1041038,17,黄金·香彩雀,gold/Crop_1038,3,200,,,phase,6,盛开,plant/model/v4/gold/Crop_1038_6.png,https://jsq.gptvip.chat/images/plant/model/v4/gold/Crop_1038_6.png,超变果实/黄金·香彩雀/黄金·香彩雀_06_盛开.png,6,0
超变果实,/items/17,https://jsq.gptvip.chat/items/17,1041474,17,黄金·荷青花,gold/Crop_1474,3,200,,,main,0,主图,plant/model/v4/gold/Crop_1474_6.png,https://jsq.gptvip.chat/images/plant/model/v4/gold/Crop_1474_6.png,超变果实/黄金·荷青花/黄金·荷青花_00_主图.png,,
超变果实,/items/17,https://jsq.gptvip.chat/items/17,1041474,17,黄金·荷青花,gold/Crop_1474,3,200,,,phase,1,种子,plant/model/v4/gold/Crop_1474_Seed.png,https://jsq.gptvip.chat/images/plant/model/v4/gold/Crop_1474_Seed.png,超变果实/黄金·荷青花/黄金·荷青花_01_种子.png,Seed,8640
超变果实,/items/17,https://jsq.gptvip.chat/items/17,1041474,17,黄金·荷青花,gold/Crop_1474,3,200,,,phase,2,发芽,plant/model/v4/gold/Crop_1474_2.png,https://jsq.gptvip.chat/images/plant/model/v4/gold/Crop_1474_2.png,超变果实/黄金·荷青花/黄金·荷青花_02_发芽.png,2,8640
超变果实,/items/17,https://jsq.gptvip.chat/items/17,1041474,17,黄金·荷青花,gold/Crop_1474,3,200,,,phase,3,小叶子,plant/model/v4/gold/Crop_1474_3.png,https://jsq.gptvip.chat/images/plant/model/v4/gold/Crop_1474_3.png,超变果实/黄金·荷青花/黄金·荷青花_03_小叶子.png,3,8640
超变果实,/items/17,https://jsq.gptvip.chat/items/17,1041474,17,黄金·荷青花,gold/Crop_1474,3,200,,,phase,4,大叶子,plant/model/v4/gold/Crop_1474_4.png,https://jsq.gptvip.chat/images/plant/model/v4/gold/Crop_1474_4.png,超变果实/黄金·荷青花/黄金·荷青花_04_大叶子.png,4,8640
超变果实,/items/17,https://jsq.gptvip.chat/items/17,1041474,17,黄金·荷青花,gold/Crop_1474,3,200,,,phase,5,花蕾,plant/model/v4/gold/Crop_1474_5.png,https://jsq.gptvip.chat/images/plant/model/v4/gold/Crop_1474_5.png,超变果实/黄金·荷青花/黄金·荷青花_05_花蕾.png,5,8640
超变果实,/items/17,https://jsq.gptvip.chat/items/17,1041474,17,黄金·荷青花,gold/Crop_1474,3,200,,,phase,6,盛开,plant/model/v4/gold/Crop_1474_6.png,https://jsq.gptvip.chat/images/plant/model/v4/gold/Crop_1474_6.png,超变果实/黄金·荷青花/黄金·荷青花_06_盛开.png,6,0
超变果实,/items/17,https://jsq.gptvip.chat/items/17,1040243,17,黄金·芹叶铁线莲,gold/Crop_243,3,200,,,main,0,主图,plant/model/v4/gold/Crop_243_6.png,https://jsq.gptvip.chat/images/plant/model/v4/gold/Crop_243_6.png,超变果实/黄金·芹叶铁线莲/黄金·芹叶铁线莲_00_主图.png,,
超变果实,/items/17,https://jsq.gptvip.chat/items/17,1040243,17,黄金·芹叶铁线莲,gold/Crop_243,3,200,,,phase,1,种子,plant/model/v4/gold/Crop_243_Seed.png,https://jsq.gptvip.chat/images/plant/model/v4/gold/Crop_243_Seed.png,超变果实/黄金·芹叶铁线莲/黄金·芹叶铁线莲_01_种子.png,Seed,8640
超变果实,/items/17,https://jsq.gptvip.chat/items/17,1040243,17,黄金·芹叶铁线莲,gold/Crop_243,3,200,,,phase,2,发芽,plant/model/v4/gold/Crop_243_2.png,https://jsq.gptvip.chat/images/plant/model/v4/gold/Crop_243_2.png,超变果实/黄金·芹叶铁线莲/黄金·芹叶铁线莲_02_发芽.png,2,8640
超变果实,/items/17,https://jsq.gptvip.chat/items/17,1040243,17,黄金·芹叶铁线莲,gold/Crop_243,3,200,,,phase,3,小叶子,plant/model/v4/gold/Crop_243_3.png,https://jsq.gptvip.chat/images/plant/model/v4/gold/Crop_243_3.png,超变果实/黄金·芹叶铁线莲/黄金·芹叶铁线莲_03_小叶子.png,3,8640
超变果实,/items/17,https://jsq.gptvip.chat/items/17,1040243,17,黄金·芹叶铁线莲,gold/Crop_243,3,200,,,phase,4,大叶子,plant/model/v4/gold/Crop_243_4.png,https://jsq.gptvip.chat/images/plant/model/v4/gold/Crop_243_4.png,超变果实/黄金·芹叶铁线莲/黄金·芹叶铁线莲_04_大叶子.png,4,8640
超变果实,/items/17,https://jsq.gptvip.chat/items/17,1040243,17,黄金·芹叶铁线莲,gold/Crop_243,3,200,,,phase,5,花蕾,plant/model/v4/gold/Crop_243_5.png,https://jsq.gptvip.chat/images/plant/model/v4/gold/Crop_243_5.png,超变果实/黄金·芹叶铁线莲/黄金·芹叶铁线莲_05_花蕾.png,5,8640
超变果实,/items/17,https://jsq.gptvip.chat/items/17,1040243,17,黄金·芹叶铁线莲,gold/Crop_243,3,200,,,phase,6,盛开,plant/model/v4/gold/Crop_243_6.png,https://jsq.gptvip.chat/images/plant/model/v4/gold/Crop_243_6.png,超变果实/黄金·芹叶铁线莲/黄金·芹叶铁线莲_06_盛开.png,6,0
超变果实,/items/17,https://jsq.gptvip.chat/items/17,1041134,17,黄金·菖蒲,gold/Crop_1134,3,200,,,main,0,主图,plant/model/v4/gold/Crop_1134_6.png,https://jsq.gptvip.chat/images/plant/model/v4/gold/Crop_1134_6.png,超变果实/黄金·菖蒲/黄金·菖蒲_00_主图.png,,
超变果实,/items/17,https://jsq.gptvip.chat/items/17,1041134,17,黄金·菖蒲,gold/Crop_1134,3,200,,,phase,1,种子,plant/model/v4/gold/Crop_1134_Seed.png,https://jsq.gptvip.chat/images/plant/model/v4/gold/Crop_1134_Seed.png,超变果实/黄金·菖蒲/黄金·菖蒲_01_种子.png,Seed,8640
超变果实,/items/17,https://jsq.gptvip.chat/items/17,1041134,17,黄金·菖蒲,gold/Crop_1134,3,200,,,phase,2,发芽,plant/model/v4/gold/Crop_1134_2.png,https://jsq.gptvip.chat/images/plant/model/v4/gold/Crop_1134_2.png,超变果实/黄金·菖蒲/黄金·菖蒲_02_发芽.png,2,8640
超变果实,/items/17,https://jsq.gptvip.chat/items/17,1041134,17,黄金·菖蒲,gold/Crop_1134,3,200,,,phase,3,小叶子,plant/model/v4/gold/Crop_1134_3.png,https://jsq.gptvip.chat/images/plant/model/v4/gold/Crop_1134_3.png,超变果实/黄金·菖蒲/黄金·菖蒲_03_小叶子.png,3,8640
超变果实,/items/17,https://jsq.gptvip.chat/items/17,1041134,17,黄金·菖蒲,gold/Crop_1134,3,200,,,phase,4,大叶子,plant/model/v4/gold/Crop_1134_4.png,https://jsq.gptvip.chat/images/plant/model/v4/gold/Crop_1134_4.png,超变果实/黄金·菖蒲/黄金·菖蒲_04_大叶子.png,4,8640
超变果实,/items/17,https://jsq.gptvip.chat/items/17,1041134,17,黄金·菖蒲,gold/Crop_1134,3,200,,,phase,5,花蕾,plant/model/v4/gold/Crop_1134_5.png,https://jsq.gptvip.chat/images/plant/model/v4/gold/Crop_1134_5.png,超变果实/黄金·菖蒲/黄金·菖蒲_05_花蕾.png,5,8640
超变果实,/items/17,https://jsq.gptvip.chat/items/17,1041134,17,黄金·菖蒲,gold/Crop_1134,3,200,,,phase,6,盛开,plant/model/v4/gold/Crop_1134_6.png,https://jsq.gptvip.chat/images/plant/model/v4/gold/Crop_1134_6.png,超变果实/黄金·菖蒲/黄金·菖蒲_06_盛开.png,6,0
超变果实,/items/17,https://jsq.gptvip.chat/items/17,1046127,17,黄金·凌霄花,gold/Crop_6127,3,200,,,main,0,主图,plant/model/v4/gold/Crop_6127_6.png,https://jsq.gptvip.chat/images/plant/model/v4/gold/Crop_6127_6.png,超变果实/黄金·凌霄花/黄金·凌霄花_00_主图.png,,
超变果实,/items/17,https://jsq.gptvip.chat/items/17,1046127,17,黄金·凌霄花,gold/Crop_6127,3,200,,,phase,1,种子,plant/model/v4/gold/Crop_6127_Seed.png,https://jsq.gptvip.chat/images/plant/model/v4/gold/Crop_6127_Seed.png,超变果实/黄金·凌霄花/黄金·凌霄花_01_种子.png,Seed,8640
超变果实,/items/17,https://jsq.gptvip.chat/items/17,1046127,17,黄金·凌霄花,gold/Crop_6127,3,200,,,phase,2,发芽,plant/model/v4/gold/Crop_6127_2.png,https://jsq.gptvip.chat/images/plant/model/v4/gold/Crop_6127_2.png,超变果实/黄金·凌霄花/黄金·凌霄花_02_发芽.png,2,8640
超变果实,/items/17,https://jsq.gptvip.chat/items/17,1046127,17,黄金·凌霄花,gold/Crop_6127,3,200,,,phase,3,小叶子,plant/model/v4/gold/Crop_6127_3.png,https://jsq.gptvip.chat/images/plant/model/v4/gold/Crop_6127_3.png,超变果实/黄金·凌霄花/黄金·凌霄花_03_小叶子.png,3,8640
超变果实,/items/17,https://jsq.gptvip.chat/items/17,1046127,17,黄金·凌霄花,gold/Crop_6127,3,200,,,phase,4,大叶子,plant/model/v4/gold/Crop_6127_4.png,https://jsq.gptvip.chat/images/plant/model/v4/gold/Crop_6127_4.png,超变果实/黄金·凌霄花/黄金·凌霄花_04_大叶子.png,4,8640
超变果实,/items/17,https://jsq.gptvip.chat/items/17,1046127,17,黄金·凌霄花,gold/Crop_6127,3,200,,,phase,5,花蕾,plant/model/v4/gold/Crop_6127_5.png,https://jsq.gptvip.chat/images/plant/model/v4/gold/Crop_6127_5.png,超变果实/黄金·凌霄花/黄金·凌霄花_05_花蕾.png,5,8640
超变果实,/items/17,https://jsq.gptvip.chat/items/17,1046127,17,黄金·凌霄花,gold/Crop_6127,3,200,,,phase,6,盛开,plant/model/v4/gold/Crop_6127_6.png,https://jsq.gptvip.chat/images/plant/model/v4/gold/Crop_6127_6.png,超变果实/黄金·凌霄花/黄金·凌霄花_06_盛开.png,6,0
超变果实,/items/17,https://jsq.gptvip.chat/items/17,1046109,17,黄金·荷花,gold/Crop_6109,3,200,,,main,0,主图,plant/model/v4/gold/Crop_6109_6.png,https://jsq.gptvip.chat/images/plant/model/v4/gold/Crop_6109_6.png,超变果实/黄金·荷花/黄金·荷花_00_主图.png,,
超变果实,/items/17,https://jsq.gptvip.chat/items/17,1046109,17,黄金·荷花,gold/Crop_6109,3,200,,,phase,1,种子,plant/model/v4/gold/Crop_6109_Seed.png,https://jsq.gptvip.chat/images/plant/model/v4/gold/Crop_6109_Seed.png,超变果实/黄金·荷花/黄金·荷花_01_种子.png,Seed,8640
超变果实,/items/17,https://jsq.gptvip.chat/items/17,1046109,17,黄金·荷花,gold/Crop_6109,3,200,,,phase,2,发芽,plant/model/v4/gold/Crop_6109_2.png,https://jsq.gptvip.chat/images/plant/model/v4/gold/Crop_6109_2.png,超变果实/黄金·荷花/黄金·荷花_02_发芽.png,2,8640
超变果实,/items/17,https://jsq.gptvip.chat/items/17,1046109,17,黄金·荷花,gold/Crop_6109,3,200,,,phase,3,小叶子,plant/model/v4/gold/Crop_6109_3.png,https://jsq.gptvip.chat/images/plant/model/v4/gold/Crop_6109_3.png,超变果实/黄金·荷花/黄金·荷花_03_小叶子.png,3,8640
超变果实,/items/17,https://jsq.gptvip.chat/items/17,1046109,17,黄金·荷花,gold/Crop_6109,3,200,,,phase,4,大叶子,plant/model/v4/gold/Crop_6109_4.png,https://jsq.gptvip.chat/images/plant/model/v4/gold/Crop_6109_4.png,超变果实/黄金·荷花/黄金·荷花_04_大叶子.png,4,8640
超变果实,/items/17,https://jsq.gptvip.chat/items/17,1046109,17,黄金·荷花,gold/Crop_6109,3,200,,,phase,5,花蕾,plant/model/v4/gold/Crop_6109_5.png,https://jsq.gptvip.chat/images/plant/model/v4/gold/Crop_6109_5.png,超变果实/黄金·荷花/黄金·荷花_05_花蕾.png,5,8640
超变果实,/items/17,https://jsq.gptvip.chat/items/17,1046109,17,黄金·荷花,gold/Crop_6109,3,200,,,phase,6,盛开,plant/model/v4/gold/Crop_6109_6.png,https://jsq.gptvip.chat/images/plant/model/v4/gold/Crop_6109_6.png,超变果实/黄金·荷花/黄金·荷花_06_盛开.png,6,0
超变果实,/items/17,https://jsq.gptvip.chat/items/17,1041032,17,黄金·琉璃宝荷,gold/Crop_1032,4,200,,,main,0,主图,plant/model/v4/gold/Crop_1032_6.png,https://jsq.gptvip.chat/images/plant/model/v4/gold/Crop_1032_6.png,超变果实/黄金·琉璃宝荷/黄金·琉璃宝荷_00_主图.png,,
超变果实,/items/17,https://jsq.gptvip.chat/items/17,1041032,17,黄金·琉璃宝荷,gold/Crop_1032,4,200,,,phase,1,种子,plant/model/v4/gold/Crop_1032_Seed.png,https://jsq.gptvip.chat/images/plant/model/v4/gold/Crop_1032_Seed.png,超变果实/黄金·琉璃宝荷/黄金·琉璃宝荷_01_种子.png,Seed,8640
超变果实,/items/17,https://jsq.gptvip.chat/items/17,1041032,17,黄金·琉璃宝荷,gold/Crop_1032,4,200,,,phase,2,发芽,plant/model/v4/gold/Crop_1032_2.png,https://jsq.gptvip.chat/images/plant/model/v4/gold/Crop_1032_2.png,超变果实/黄金·琉璃宝荷/黄金·琉璃宝荷_02_发芽.png,2,8640
超变果实,/items/17,https://jsq.gptvip.chat/items/17,1041032,17,黄金·琉璃宝荷,gold/Crop_1032,4,200,,,phase,3,小叶子,plant/model/v4/gold/Crop_1032_3.png,https://jsq.gptvip.chat/images/plant/model/v4/gold/Crop_1032_3.png,超变果实/黄金·琉璃宝荷/黄金·琉璃宝荷_03_小叶子.png,3,8640
超变果实,/items/17,https://jsq.gptvip.chat/items/17,1041032,17,黄金·琉璃宝荷,gold/Crop_1032,4,200,,,phase,4,大叶子,plant/model/v4/gold/Crop_1032_4.png,https://jsq.gptvip.chat/images/plant/model/v4/gold/Crop_1032_4.png,超变果实/黄金·琉璃宝荷/黄金·琉璃宝荷_04_大叶子.png,4,8640
超变果实,/items/17,https://jsq.gptvip.chat/items/17,1041032,17,黄金·琉璃宝荷,gold/Crop_1032,4,200,,,phase,5,花蕾,plant/model/v4/gold/Crop_1032_5.png,https://jsq.gptvip.chat/images/plant/model/v4/gold/Crop_1032_5.png,超变果实/黄金·琉璃宝荷/黄金·琉璃宝荷_05_花蕾.png,5,8640
超变果实,/items/17,https://jsq.gptvip.chat/items/17,1041032,17,黄金·琉璃宝荷,gold/Crop_1032,4,200,,,phase,6,盛开,plant/model/v4/gold/Crop_1032_6.png,https://jsq.gptvip.chat/images/plant/model/v4/gold/Crop_1032_6.png,超变果实/黄金·琉璃宝荷/黄金·琉璃宝荷_06_盛开.png,6,0
超变果实,/items/17,https://jsq.gptvip.chat/items/17,1040167,17,黄金·欢乐糖果,gold/Crop_167,2,200,,,main,0,主图,plant/model/v4/gold/Crop_167_6.png,https://jsq.gptvip.chat/images/plant/model/v4/gold/Crop_167_6.png,超变果实/黄金·欢乐糖果/黄金·欢乐糖果_00_主图.png,,
超变果实,/items/17,https://jsq.gptvip.chat/items/17,1040167,17,黄金·欢乐糖果,gold/Crop_167,2,200,,,phase,1,种子,plant/model/v4/gold/Crop_167_Seed.png,https://jsq.gptvip.chat/images/plant/model/v4/gold/Crop_167_Seed.png,超变果实/黄金·欢乐糖果/黄金·欢乐糖果_01_种子.png,Seed,5760
超变果实,/items/17,https://jsq.gptvip.chat/items/17,1040167,17,黄金·欢乐糖果,gold/Crop_167,2,200,,,phase,2,发芽,plant/model/v4/gold/Crop_167_2.png,https://jsq.gptvip.chat/images/plant/model/v4/gold/Crop_167_2.png,超变果实/黄金·欢乐糖果/黄金·欢乐糖果_02_发芽.png,2,5760
超变果实,/items/17,https://jsq.gptvip.chat/items/17,1040167,17,黄金·欢乐糖果,gold/Crop_167,2,200,,,phase,3,小叶子,plant/model/v4/gold/Crop_167_3.png,https://jsq.gptvip.chat/images/plant/model/v4/gold/Crop_167_3.png,超变果实/黄金·欢乐糖果/黄金·欢乐糖果_03_小叶子.png,3,5760
超变果实,/items/17,https://jsq.gptvip.chat/items/17,1040167,17,黄金·欢乐糖果,gold/Crop_167,2,200,,,phase,4,大叶子,plant/model/v4/gold/Crop_167_4.png,https://jsq.gptvip.chat/images/plant/model/v4/gold/Crop_167_4.png,超变果实/黄金·欢乐糖果/黄金·欢乐糖果_04_大叶子.png,4,5760
超变果实,/items/17,https://jsq.gptvip.chat/items/17,1040167,17,黄金·欢乐糖果,gold/Crop_167,2,200,,,phase,5,开花,plant/model/v4/gold/Crop_167_5.png,https://jsq.gptvip.chat/images/plant/model/v4/gold/Crop_167_5.png,超变果实/黄金·欢乐糖果/黄金·欢乐糖果_05_开花.png,5,5760
超变果实,/items/17,https://jsq.gptvip.chat/items/17,1040167,17,黄金·欢乐糖果,gold/Crop_167,2,200,,,phase,6,成熟,plant/model/v4/gold/Crop_167_6.png,https://jsq.gptvip.chat/images/plant/model/v4/gold/Crop_167_6.png,超变果实/黄金·欢乐糖果/黄金·欢乐糖果_06_成熟.png,6,0
活动货币,/items/19,https://jsq.gptvip.chat/items/19,1016,19,青团,,,,,,icon,,,extraRes/gui/texture/icon/icon_qing.png,https://jsq.gptvip.chat/images/extraRes/gui/texture/icon/icon_qing.png,活动货币/青团.png,,
活动货币,/items/19,https://jsq.gptvip.chat/items/19,1017,19,南瓜印章,,,,,,icon,,,extraRes/gui/texture/icon/icon_nangua.png,https://jsq.gptvip.chat/images/extraRes/gui/texture/icon/icon_nangua.png,活动货币/南瓜印章.png,,
活动货币,/items/19,https://jsq.gptvip.chat/items/19,1018,19,荷露,,3,,,,icon,,,extraRes/gui/texture/icon/icon_saijiHelu.png,https://jsq.gptvip.chat/images/extraRes/gui/texture/icon/icon_saijiHelu.png,活动货币/荷露.png,,
活动货币,/items/19,https://jsq.gptvip.chat/items/19,1020,19,金穗券,,,,,,icon,,,extraRes/gui/texture/icon/icon_saijiTicket.png,https://jsq.gptvip.chat/images/extraRes/gui/texture/icon/icon_saijiTicket.png,活动货币/金穗券.png,,
