category_name,category_href,item_id,item_name,phase_index,phase_slot,phase_name,seconds,image_path,image_url
超变果实,/items/17,49001,哈哈小南瓜,1,Seed,种子,8640,plant/model/v4/Crop_9001_Seed.png,https://jsq.gptvip.chat/images/plant/model/v4/Crop_9001_Seed.png
超变果实,/items/17,49001,哈哈小南瓜,2,2,发芽,8640,,
超变果实,/items/17,49001,哈哈小南瓜,3,3,小叶子,8640,,
超变果实,/items/17,49001,哈哈小南瓜,4,4,大叶子,8640,,
超变果实,/items/17,49001,哈哈小南瓜,5,5,开花,8640,,
超变果实,/items/17,49001,哈哈小南瓜,6,6,成熟,0,,
超变果实,/items/17,46109,荷花,1,Seed,种子,8640,plant/model/v4/Crop_6109_Seed.png,https://jsq.gptvip.chat/images/plant/model/v4/Crop_6109_Seed.png
超变果实,/items/17,46109,荷花,2,2,发芽,8640,plant/model/v4/Crop_6109_2.png,https://jsq.gptvip.chat/images/plant/model/v4/Crop_6109_2.png
超变果实,/items/17,46109,荷花,3,3,小叶子,8640,plant/model/v4/Crop_6109_3.png,https://jsq.gptvip.chat/images/plant/model/v4/Crop_6109_3.png
超变果实,/items/17,46109,荷花,4,4,大叶子,8640,plant/model/v4/Crop_6109_4.png,https://jsq.gptvip.chat/images/plant/model/v4/Crop_6109_4.png
超变果实,/items/17,46109,荷花,5,5,花蕾,8640,plant/model/v4/Crop_6109_5.png,https://jsq.gptvip.chat/images/plant/model/v4/Crop_6109_5.png
超变果实,/items/17,46109,荷花,6,6,盛开,0,plant/model/v4/Crop_6109_6.png,https://jsq.gptvip.chat/images/plant/model/v4/Crop_6109_6.png
超变果实,/items/17,40804,绵绵糖果,1,Seed,种子,5760,plant/model/v4/Crop_804_Seed.png,https://jsq.gptvip.chat/images/plant/model/v4/Crop_804_Seed.png
超变果实,/items/17,40804,绵绵糖果,2,2,发芽,5760,plant/model/v4/Crop_804_2.png,https://jsq.gptvip.chat/images/plant/model/v4/Crop_804_2.png
超变果实,/items/17,40804,绵绵糖果,3,3,小叶子,5760,plant/model/v4/Crop_804_3.png,https://jsq.gptvip.chat/images/plant/model/v4/Crop_804_3.png
超变果实,/items/17,40804,绵绵糖果,4,4,大叶子,5760,plant/model/v4/Crop_804_4.png,https://jsq.gptvip.chat/images/plant/model/v4/Crop_804_4.png
超变果实,/items/17,40804,绵绵糖果,5,5,开花,5760,plant/model/v4/Crop_804_5.png,https://jsq.gptvip.chat/images/plant/model/v4/Crop_804_5.png
超变果实,/items/17,40804,绵绵糖果,6,6,成熟,0,plant/model/v4/Crop_804_6.png,https://jsq.gptvip.chat/images/plant/model/v4/Crop_804_6.png
超变果实,/items/17,1040112,黄金·风信子,1,Seed,种子,4800,plant/model/v4/gold/Crop_112_Seed.png,https://jsq.gptvip.chat/images/plant/model/v4/gold/Crop_112_Seed.png
超变果实,/items/17,1040112,黄金·风信子,2,2,发芽,4800,plant/model/v4/gold/Crop_112_2.png,https://jsq.gptvip.chat/images/plant/model/v4/gold/Crop_112_2.png
超变果实,/items/17,1040112,黄金·风信子,3,3,小叶子,4800,plant/model/v4/gold/Crop_112_3.png,https://jsq.gptvip.chat/images/plant/model/v4/gold/Crop_112_3.png
超变果实,/items/17,1040112,黄金·风信子,4,4,大叶子,7200,plant/model/v4/gold/Crop_112_4.png,https://jsq.gptvip.chat/images/plant/model/v4/gold/Crop_112_4.png
超变果实,/items/17,1040112,黄金·风信子,5,5,初熟,7200,plant/model/v4/gold/Crop_112_5.png,https://jsq.gptvip.chat/images/plant/model/v4/gold/Crop_112_5.png
超变果实,/items/17,1040112,黄金·风信子,6,6,成熟,0,plant/model/v4/gold/Crop_112_6.png,https://jsq.gptvip.chat/images/plant/model/v4/gold/Crop_112_6.png
超变果实,/items/17,1040025,黄金·银杏树苗,1,Seed,种子,4800,plant/model/v4/gold/Crop_25_Seed.png,https://jsq.gptvip.chat/images/plant/model/v4/gold/Crop_25_Seed.png
超变果实,/items/17,1040025,黄金·银杏树苗,2,2,发芽,4800,plant/model/v4/gold/Crop_25_2.png,https://jsq.gptvip.chat/images/plant/model/v4/gold/Crop_25_2.png
超变果实,/items/17,1040025,黄金·银杏树苗,3,3,小叶子,4800,plant/model/v4/gold/Crop_25_3.png,https://jsq.gptvip.chat/images/plant/model/v4/gold/Crop_25_3.png
超变果实,/items/17,1040025,黄金·银杏树苗,4,4,大叶子,7200,plant/model/v4/gold/Crop_25_4.png,https://jsq.gptvip.chat/images/plant/model/v4/gold/Crop_25_4.png
超变果实,/items/17,1040025,黄金·银杏树苗,5,5,长枝,7200,plant/model/v4/gold/Crop_25_5.png,https://jsq.gptvip.chat/images/plant/model/v4/gold/Crop_25_5.png
超变果实,/items/17,1040025,黄金·银杏树苗,6,6,成苗,0,plant/model/v4/gold/Crop_25_6.png,https://jsq.gptvip.chat/images/plant/model/v4/gold/Crop_25_6.png
超变果实,/items/17,1040121,黄金·蔷薇,1,Seed,种子,4800,plant/model/v4/gold/Crop_121_Seed.png,https://jsq.gptvip.chat/images/plant/model/v4/gold/Crop_121_Seed.png
超变果实,/items/17,1040121,黄金·蔷薇,2,2,发芽,4800,plant/model/v4/gold/Crop_121_2.png,https://jsq.gptvip.chat/images/plant/model/v4/gold/Crop_121_2.png
超变果实,/items/17,1040121,黄金·蔷薇,3,3,小叶子,4800,plant/model/v4/gold/Crop_121_3.png,https://jsq.gptvip.chat/images/plant/model/v4/gold/Crop_121_3.png
超变果实,/items/17,1040121,黄金·蔷薇,4,4,大叶子,7200,plant/model/v4/gold/Crop_121_4.png,https://jsq.gptvip.chat/images/plant/model/v4/gold/Crop_121_4.png
超变果实,/items/17,1040121,黄金·蔷薇,5,5,初熟,7200,plant/model/v4/gold/Crop_121_5.png,https://jsq.gptvip.chat/images/plant/model/v4/gold/Crop_121_5.png
超变果实,/items/17,1040121,黄金·蔷薇,6,6,成熟,0,plant/model/v4/gold/Crop_121_6.png,https://jsq.gptvip.chat/images/plant/model/v4/gold/Crop_121_6.png
超变果实,/items/17,1040109,黄金·蝴蝶兰,1,Seed,种子,4800,plant/model/v4/gold/Crop_109_Seed.png,https://jsq.gptvip.chat/images/plant/model/v4/gold/Crop_109_Seed.png
超变果实,/items/17,1040109,黄金·蝴蝶兰,2,2,发芽,4800,plant/model/v4/gold/Crop_109_2.png,https://jsq.gptvip.chat/images/plant/model/v4/gold/Crop_109_2.png
超变果实,/items/17,1040109,黄金·蝴蝶兰,3,3,小叶子,4800,plant/model/v4/gold/Crop_109_3.png,https://jsq.gptvip.chat/images/plant/model/v4/gold/Crop_109_3.png
超变果实,/items/17,1040109,黄金·蝴蝶兰,4,4,大叶子,7200,plant/model/v4/gold/Crop_109_4.png,https://jsq.gptvip.chat/images/plant/model/v4/gold/Crop_109_4.png
超变果实,/items/17,1040109,黄金·蝴蝶兰,5,5,花蕾,7200,plant/model/v4/gold/Crop_109_5.png,https://jsq.gptvip.chat/images/plant/model/v4/gold/Crop_109_5.png
超变果实,/items/17,1040109,黄金·蝴蝶兰,6,6,盛开,0,plant/model/v4/gold/Crop_109_6.png,https://jsq.gptvip.chat/images/plant/model/v4/gold/Crop_109_6.png
超变果实,/items/17,1040224,黄金·昙花,1,Seed,种子,4800,plant/model/v4/gold/Crop_224_Seed.png,https://jsq.gptvip.chat/images/plant/model/v4/gold/Crop_224_Seed.png
超变果实,/items/17,1040224,黄金·昙花,2,2,发芽,4800,plant/model/v4/gold/Crop_224_2.png,https://jsq.gptvip.chat/images/plant/model/v4/gold/Crop_224_2.png
超变果实,/items/17,1040224,黄金·昙花,3,3,小叶子,4800,plant/model/v4/gold/Crop_224_3.png,https://jsq.gptvip.chat/images/plant/model/v4/gold/Crop_224_3.png
超变果实,/items/17,1040224,黄金·昙花,4,4,大叶子,7200,plant/model/v4/gold/Crop_224_4.png,https://jsq.gptvip.chat/images/plant/model/v4/gold/Crop_224_4.png
超变果实,/items/17,1040224,黄金·昙花,5,5,初熟,7200,plant/model/v4/gold/Crop_224_5.png,https://jsq.gptvip.chat/images/plant/model/v4/gold/Crop_224_5.png
超变果实,/items/17,1040224,黄金·昙花,6,6,成熟,0,plant/model/v4/gold/Crop_224_6.png,https://jsq.gptvip.chat/images/plant/model/v4/gold/Crop_224_6.png
超变果实,/items/17,1040249,黄金·荷包牡丹,1,Seed,种子,4800,plant/model/v4/gold/Crop_249_Seed.png,https://jsq.gptvip.chat/images/plant/model/v4/gold/Crop_249_Seed.png
超变果实,/items/17,1040249,黄金·荷包牡丹,2,2,发芽,4800,plant/model/v4/gold/Crop_249_2.png,https://jsq.gptvip.chat/images/plant/model/v4/gold/Crop_249_2.png
超变果实,/items/17,1040249,黄金·荷包牡丹,3,3,小叶子,4800,plant/model/v4/gold/Crop_249_3.png,https://jsq.gptvip.chat/images/plant/model/v4/gold/Crop_249_3.png
超变果实,/items/17,1040249,黄金·荷包牡丹,4,4,大叶子,7200,plant/model/v4/gold/Crop_249_4.png,https://jsq.gptvip.chat/images/plant/model/v4/gold/Crop_249_4.png
超变果实,/items/17,1040249,黄金·荷包牡丹,5,5,花蕾,7200,plant/model/v4/gold/Crop_249_5.png,https://jsq.gptvip.chat/images/plant/model/v4/gold/Crop_249_5.png
超变果实,/items/17,1040249,黄金·荷包牡丹,6,6,盛开,0,plant/model/v4/gold/Crop_249_6.png,https://jsq.gptvip.chat/images/plant/model/v4/gold/Crop_249_6.png
超变果实,/items/17,1041135,黄金·艾草,1,Seed,种子,4800,plant/model/v4/gold/Crop_1135_Seed.png,https://jsq.gptvip.chat/images/plant/model/v4/gold/Crop_1135_Seed.png
超变果实,/items/17,1041135,黄金·艾草,2,2,发芽,4800,plant/model/v4/gold/Crop_1135_2.png,https://jsq.gptvip.chat/images/plant/model/v4/gold/Crop_1135_2.png
超变果实,/items/17,1041135,黄金·艾草,3,3,小叶子,4800,plant/model/v4/gold/Crop_1135_3.png,https://jsq.gptvip.chat/images/plant/model/v4/gold/Crop_1135_3.png
超变果实,/items/17,1041135,黄金·艾草,4,4,大叶子,7200,plant/model/v4/gold/Crop_1135_4.png,https://jsq.gptvip.chat/images/plant/model/v4/gold/Crop_1135_4.png
超变果实,/items/17,1041135,黄金·艾草,5,5,初熟,7200,plant/model/v4/gold/Crop_1135_5.png,https://jsq.gptvip.chat/images/plant/model/v4/gold/Crop_1135_5.png
超变果实,/items/17,1041135,黄金·艾草,6,6,成熟,0,plant/model/v4/gold/Crop_1135_6.png,https://jsq.gptvip.chat/images/plant/model/v4/gold/Crop_1135_6.png
超变果实,/items/17,1040184,黄金·卡特兰,1,Seed,种子,8640,plant/model/v4/gold/Crop_184_Seed.png,https://jsq.gptvip.chat/images/plant/model/v4/gold/Crop_184_Seed.png
超变果实,/items/17,1040184,黄金·卡特兰,2,2,发芽,8640,plant/model/v4/gold/Crop_184_2.png,https://jsq.gptvip.chat/images/plant/model/v4/gold/Crop_184_2.png
超变果实,/items/17,1040184,黄金·卡特兰,3,3,小叶,8640,plant/model/v4/gold/Crop_184_3.png,https://jsq.gptvip.chat/images/plant/model/v4/gold/Crop_184_3.png
超变果实,/items/17,1040184,黄金·卡特兰,4,4,大叶,8640,plant/model/v4/gold/Crop_184_4.png,https://jsq.gptvip.chat/images/plant/model/v4/gold/Crop_184_4.png
超变果实,/items/17,1040184,黄金·卡特兰,5,5,花蕾,8640,plant/model/v4/gold/Crop_184_5.png,https://jsq.gptvip.chat/images/plant/model/v4/gold/Crop_184_5.png
超变果实,/items/17,1040184,黄金·卡特兰,6,6,开花,0,plant/model/v4/gold/Crop_184_6.png,https://jsq.gptvip.chat/images/plant/model/v4/gold/Crop_184_6.png
超变果实,/items/17,1040193,黄金·红云飞片,1,Seed,种子,8640,plant/model/v4/gold/Crop_193_Seed.png,https://jsq.gptvip.chat/images/plant/model/v4/gold/Crop_193_Seed.png
超变果实,/items/17,1040193,黄金·红云飞片,2,2,发芽,8640,plant/model/v4/gold/Crop_193_2.png,https://jsq.gptvip.chat/images/plant/model/v4/gold/Crop_193_2.png
超变果实,/items/17,1040193,黄金·红云飞片,3,3,小叶,8640,plant/model/v4/gold/Crop_193_3.png,https://jsq.gptvip.chat/images/plant/model/v4/gold/Crop_193_3.png
超变果实,/items/17,1040193,黄金·红云飞片,4,4,大叶,8640,plant/model/v4/gold/Crop_193_4.png,https://jsq.gptvip.chat/images/plant/model/v4/gold/Crop_193_4.png
超变果实,/items/17,1040193,黄金·红云飞片,5,5,花蕾,8640,plant/model/v4/gold/Crop_193_5.png,https://jsq.gptvip.chat/images/plant/model/v4/gold/Crop_193_5.png
超变果实,/items/17,1040193,黄金·红云飞片,6,6,开花,0,plant/model/v4/gold/Crop_193_6.png,https://jsq.gptvip.chat/images/plant/model/v4/gold/Crop_193_6.png
超变果实,/items/17,1040256,黄金·石竹花,1,Seed,种子,8640,plant/model/v4/gold/Crop_256_Seed.png,https://jsq.gptvip.chat/images/plant/model/v4/gold/Crop_256_Seed.png
超变果实,/items/17,1040256,黄金·石竹花,2,2,发芽,8640,plant/model/v4/gold/Crop_256_2.png,https://jsq.gptvip.chat/images/plant/model/v4/gold/Crop_256_2.png
超变果实,/items/17,1040256,黄金·石竹花,3,3,小叶,8640,plant/model/v4/gold/Crop_256_3.png,https://jsq.gptvip.chat/images/plant/model/v4/gold/Crop_256_3.png
超变果实,/items/17,1040256,黄金·石竹花,4,4,大叶,8640,plant/model/v4/gold/Crop_256_4.png,https://jsq.gptvip.chat/images/plant/model/v4/gold/Crop_256_4.png
超变果实,/items/17,1040256,黄金·石竹花,5,5,花蕾,8640,plant/model/v4/gold/Crop_256_5.png,https://jsq.gptvip.chat/images/plant/model/v4/gold/Crop_256_5.png
超变果实,/items/17,1040256,黄金·石竹花,6,6,开花,0,plant/model/v4/gold/Crop_256_6.png,https://jsq.gptvip.chat/images/plant/model/v4/gold/Crop_256_6.png
超变果实,/items/17,1040261,黄金·针垫花,1,Seed,种子,8640,plant/model/v4/gold/Crop_261_Seed.png,https://jsq.gptvip.chat/images/plant/model/v4/gold/Crop_261_Seed.png
超变果实,/items/17,1040261,黄金·针垫花,2,2,发芽,8640,plant/model/v4/gold/Crop_261_2.png,https://jsq.gptvip.chat/images/plant/model/v4/gold/Crop_261_2.png
超变果实,/items/17,1040261,黄金·针垫花,3,3,小叶,8640,plant/model/v4/gold/Crop_261_3.png,https://jsq.gptvip.chat/images/plant/model/v4/gold/Crop_261_3.png
超变果实,/items/17,1040261,黄金·针垫花,4,4,大叶,8640,plant/model/v4/gold/Crop_261_4.png,https://jsq.gptvip.chat/images/plant/model/v4/gold/Crop_261_4.png
超变果实,/items/17,1040261,黄金·针垫花,5,5,花蕾,8640,plant/model/v4/gold/Crop_261_5.png,https://jsq.gptvip.chat/images/plant/model/v4/gold/Crop_261_5.png
超变果实,/items/17,1040261,黄金·针垫花,6,6,开花,0,plant/model/v4/gold/Crop_261_6.png,https://jsq.gptvip.chat/images/plant/model/v4/gold/Crop_261_6.png
超变果实,/items/17,1040257,黄金·孔雀草,1,Seed,种子,8640,plant/model/v4/gold/Crop_257_Seed.png,https://jsq.gptvip.chat/images/plant/model/v4/gold/Crop_257_Seed.png
超变果实,/items/17,1040257,黄金·孔雀草,2,2,发芽,8640,plant/model/v4/gold/Crop_257_2.png,https://jsq.gptvip.chat/images/plant/model/v4/gold/Crop_257_2.png
超变果实,/items/17,1040257,黄金·孔雀草,3,3,小叶子,8640,plant/model/v4/gold/Crop_257_3.png,https://jsq.gptvip.chat/images/plant/model/v4/gold/Crop_257_3.png
超变果实,/items/17,1040257,黄金·孔雀草,4,4,大叶子,8640,plant/model/v4/gold/Crop_257_4.png,https://jsq.gptvip.chat/images/plant/model/v4/gold/Crop_257_4.png
超变果实,/items/17,1040257,黄金·孔雀草,5,5,花蕾,8640,plant/model/v4/gold/Crop_257_5.png,https://jsq.gptvip.chat/images/plant/model/v4/gold/Crop_257_5.png
超变果实,/items/17,1040257,黄金·孔雀草,6,6,盛开,0,plant/model/v4/gold/Crop_257_6.png,https://jsq.gptvip.chat/images/plant/model/v4/gold/Crop_257_6.png
超变果实,/items/17,1040258,黄金·欧石楠,1,Seed,种子,8640,plant/model/v4/gold/Crop_258_Seed.png,https://jsq.gptvip.chat/images/plant/model/v4/gold/Crop_258_Seed.png
超变果实,/items/17,1040258,黄金·欧石楠,2,2,发芽,8640,plant/model/v4/gold/Crop_258_2.png,https://jsq.gptvip.chat/images/plant/model/v4/gold/Crop_258_2.png
超变果实,/items/17,1040258,黄金·欧石楠,3,3,小叶,8640,plant/model/v4/gold/Crop_258_3.png,https://jsq.gptvip.chat/images/plant/model/v4/gold/Crop_258_3.png
超变果实,/items/17,1040258,黄金·欧石楠,4,4,大叶,8640,plant/model/v4/gold/Crop_258_4.png,https://jsq.gptvip.chat/images/plant/model/v4/gold/Crop_258_4.png
超变果实,/items/17,1040258,黄金·欧石楠,5,5,花蕾,8640,plant/model/v4/gold/Crop_258_5.png,https://jsq.gptvip.chat/images/plant/model/v4/gold/Crop_258_5.png
超变果实,/items/17,1040258,黄金·欧石楠,6,6,开花,0,plant/model/v4/gold/Crop_258_6.png,https://jsq.gptvip.chat/images/plant/model/v4/gold/Crop_258_6.png
超变果实,/items/17,1040304,黄金·黄金果,1,Seed,种子,8640,plant/model/v4/gold/Crop_304_Seed.png,https://jsq.gptvip.chat/images/plant/model/v4/gold/Crop_304_Seed.png
超变果实,/items/17,1040304,黄金·黄金果,2,2,发芽,8640,plant/model/v4/gold/Crop_304_2.png,https://jsq.gptvip.chat/images/plant/model/v4/gold/Crop_304_2.png
超变果实,/items/17,1040304,黄金·黄金果,3,3,小叶子,8640,plant/model/v4/gold/Crop_304_3.png,https://jsq.gptvip.chat/images/plant/model/v4/gold/Crop_304_3.png
超变果实,/items/17,1040304,黄金·黄金果,4,4,大叶子,8640,plant/model/v4/gold/Crop_304_4.png,https://jsq.gptvip.chat/images/plant/model/v4/gold/Crop_304_4.png
超变果实,/items/17,1040304,黄金·黄金果,5,5,开花,8640,plant/model/v4/gold/Crop_304_5.png,https://jsq.gptvip.chat/images/plant/model/v4/gold/Crop_304_5.png
超变果实,/items/17,1040304,黄金·黄金果,6,6,成熟,0,plant/model/v4/gold/Crop_304_6.png,https://jsq.gptvip.chat/images/plant/model/v4/gold/Crop_304_6.png
超变果实,/items/17,1040046,黄金·爱心果,1,Seed,种子,4800,plant/model/v4/gold/Crop_46_Seed.png,https://jsq.gptvip.chat/images/plant/model/v4/gold/Crop_46_Seed.png
超变果实,/items/17,1040046,黄金·爱心果,2,2,发芽,4800,plant/model/v4/gold/Crop_46_2.png,https://jsq.gptvip.chat/images/plant/model/v4/gold/Crop_46_2.png
超变果实,/items/17,1040046,黄金·爱心果,3,3,小叶子,4800,plant/model/v4/gold/Crop_46_3.png,https://jsq.gptvip.chat/images/plant/model/v4/gold/Crop_46_3.png
超变果实,/items/17,1040046,黄金·爱心果,4,4,大叶子,7200,plant/model/v4/gold/Crop_46_4.png,https://jsq.gptvip.chat/images/plant/model/v4/gold/Crop_46_4.png
超变果实,/items/17,1040046,黄金·爱心果,5,5,初熟,7200,plant/model/v4/gold/Crop_46_5.png,https://jsq.gptvip.chat/images/plant/model/v4/gold/Crop_46_5.png
超变果实,/items/17,1040046,黄金·爱心果,6,6,成熟,0,plant/model/v4/gold/Crop_46_6.png,https://jsq.gptvip.chat/images/plant/model/v4/gold/Crop_46_6.png
超变果实,/items/17,1040416,黄金·哈哈南瓜,1,Seed,种子,17280,plant/model/v4/gold/Crop_416_Seed.png,https://jsq.gptvip.chat/images/plant/model/v4/gold/Crop_416_Seed.png
超变果实,/items/17,1040416,黄金·哈哈南瓜,2,2,发芽,17280,plant/model/v4/Crop_416_2.png,https://jsq.gptvip.chat/images/plant/model/v4/Crop_416_2.png
超变果实,/items/17,1040416,黄金·哈哈南瓜,3,3,小叶子,17280,plant/model/v4/Crop_416_3.png,https://jsq.gptvip.chat/images/plant/model/v4/Crop_416_3.png
超变果实,/items/17,1040416,黄金·哈哈南瓜,4,4,大叶子,17280,plant/model/v4/Crop_416_4.png,https://jsq.gptvip.chat/images/plant/model/v4/Crop_416_4.png
超变果实,/items/17,1040416,黄金·哈哈南瓜,5,5,开花,17280,plant/model/v4/Crop_416_5.png,https://jsq.gptvip.chat/images/plant/model/v4/Crop_416_5.png
超变果实,/items/17,1040416,黄金·哈哈南瓜,6,6,成熟,0,plant/model/v4/Crop_416_6.png,https://jsq.gptvip.chat/images/plant/model/v4/Crop_416_6.png
超变果实,/items/17,1049001,黄金·哈哈小南瓜,1,Seed,种子,8640,plant/model/v4/gold/Crop_9001_Seed.png,https://jsq.gptvip.chat/images/plant/model/v4/gold/Crop_9001_Seed.png
超变果实,/items/17,1049001,黄金·哈哈小南瓜,2,2,发芽,8640,,
超变果实,/items/17,1049001,黄金·哈哈小南瓜,3,3,小叶子,8640,,
超变果实,/items/17,1049001,黄金·哈哈小南瓜,4,4,大叶子,8640,,
超变果实,/items/17,1049001,黄金·哈哈小南瓜,5,5,开花,8640,,
超变果实,/items/17,1049001,黄金·哈哈小南瓜,6,6,成熟,0,,
超变果实,/items/17,1040122,黄金·丁香花,1,Seed,种子,5760,plant/model/v4/gold/Crop_122_Seed.png,https://jsq.gptvip.chat/images/plant/model/v4/gold/Crop_122_Seed.png
超变果实,/items/17,1040122,黄金·丁香花,2,2,发芽,5760,plant/model/v4/gold/Crop_122_2.png,https://jsq.gptvip.chat/images/plant/model/v4/gold/Crop_122_2.png
超变果实,/items/17,1040122,黄金·丁香花,3,3,小叶子,5760,plant/model/v4/gold/Crop_122_3.png,https://jsq.gptvip.chat/images/plant/model/v4/gold/Crop_122_3.png
超变果实,/items/17,1040122,黄金·丁香花,4,4,大叶子,5760,plant/model/v4/gold/Crop_122_4.png,https://jsq.gptvip.chat/images/plant/model/v4/gold/Crop_122_4.png
超变果实,/items/17,1040122,黄金·丁香花,5,5,初熟,5760,plant/model/v4/gold/Crop_122_5.png,https://jsq.gptvip.chat/images/plant/model/v4/gold/Crop_122_5.png
超变果实,/items/17,1040122,黄金·丁香花,6,6,成熟,0,plant/model/v4/gold/Crop_122_6.png,https://jsq.gptvip.chat/images/plant/model/v4/gold/Crop_122_6.png
超变果实,/items/17,1040134,黄金·绿牡丹,1,Seed,种子,5760,plant/model/v4/gold/Crop_134_Seed.png,https://jsq.gptvip.chat/images/plant/model/v4/gold/Crop_134_Seed.png
超变果实,/items/17,1040134,黄金·绿牡丹,2,2,发芽,5760,plant/model/v4/gold/Crop_134_2.png,https://jsq.gptvip.chat/images/plant/model/v4/gold/Crop_134_2.png
超变果实,/items/17,1040134,黄金·绿牡丹,3,3,小叶子,5760,plant/model/v4/gold/Crop_134_3.png,https://jsq.gptvip.chat/images/plant/model/v4/gold/Crop_134_3.png
超变果实,/items/17,1040134,黄金·绿牡丹,4,4,大叶子,5760,plant/model/v4/gold/Crop_134_4.png,https://jsq.gptvip.chat/images/plant/model/v4/gold/Crop_134_4.png
超变果实,/items/17,1040134,黄金·绿牡丹,5,5,花蕾,5760,plant/model/v4/gold/Crop_134_5.png,https://jsq.gptvip.chat/images/plant/model/v4/gold/Crop_134_5.png
超变果实,/items/17,1040134,黄金·绿牡丹,6,6,盛开,0,plant/model/v4/gold/Crop_134_6.png,https://jsq.gptvip.chat/images/plant/model/v4/gold/Crop_134_6.png
超变果实,/items/17,1040139,黄金·糖槭树花,1,Seed,种子,8640,plant/model/v4/gold/Crop_139_Seed.png,https://jsq.gptvip.chat/images/plant/model/v4/gold/Crop_139_Seed.png
超变果实,/items/17,1040139,黄金·糖槭树花,2,2,发芽,8640,plant/model/v4/gold/Crop_139_2.png,https://jsq.gptvip.chat/images/plant/model/v4/gold/Crop_139_2.png
超变果实,/items/17,1040139,黄金·糖槭树花,3,3,小叶子,8640,plant/model/v4/gold/Crop_139_3.png,https://jsq.gptvip.chat/images/plant/model/v4/gold/Crop_139_3.png
超变果实,/items/17,1040139,黄金·糖槭树花,4,4,大叶子,8640,plant/model/v4/gold/Crop_139_4.png,https://jsq.gptvip.chat/images/plant/model/v4/gold/Crop_139_4.png
超变果实,/items/17,1040139,黄金·糖槭树花,5,5,花蕾,8640,plant/model/v4/gold/Crop_139_5.png,https://jsq.gptvip.chat/images/plant/model/v4/gold/Crop_139_5.png
超变果实,/items/17,1040139,黄金·糖槭树花,6,6,盛开,0,plant/model/v4/gold/Crop_139_6.png,https://jsq.gptvip.chat/images/plant/model/v4/gold/Crop_139_6.png
超变果实,/items/17,1040140,黄金·象牙红,1,Seed,种子,8640,plant/model/v4/gold/Crop_140_Seed.png,https://jsq.gptvip.chat/images/plant/model/v4/gold/Crop_140_Seed.png
超变果实,/items/17,1040140,黄金·象牙红,2,2,发芽,8640,plant/model/v4/gold/Crop_140_2.png,https://jsq.gptvip.chat/images/plant/model/v4/gold/Crop_140_2.png
超变果实,/items/17,1040140,黄金·象牙红,3,3,小叶子,8640,plant/model/v4/gold/Crop_140_3.png,https://jsq.gptvip.chat/images/plant/model/v4/gold/Crop_140_3.png
超变果实,/items/17,1040140,黄金·象牙红,4,4,大叶子,8640,plant/model/v4/gold/Crop_140_4.png,https://jsq.gptvip.chat/images/plant/model/v4/gold/Crop_140_4.png
超变果实,/items/17,1040140,黄金·象牙红,5,5,花蕾,8640,plant/model/v4/gold/Crop_140_5.png,https://jsq.gptvip.chat/images/plant/model/v4/gold/Crop_140_5.png
超变果实,/items/17,1040140,黄金·象牙红,6,6,盛开,0,plant/model/v4/gold/Crop_140_6.png,https://jsq.gptvip.chat/images/plant/model/v4/gold/Crop_140_6.png
超变果实,/items/17,1040144,黄金·七里香,1,Seed,种子,2400,plant/model/v4/gold/Crop_144_Seed.png,https://jsq.gptvip.chat/images/plant/model/v4/gold/Crop_144_Seed.png
超变果实,/items/17,1040144,黄金·七里香,2,2,发芽,2400,plant/model/v4/gold/Crop_144_2.png,https://jsq.gptvip.chat/images/plant/model/v4/gold/Crop_144_2.png
超变果实,/items/17,1040144,黄金·七里香,3,3,小叶子,2400,plant/model/v4/gold/Crop_144_3.png,https://jsq.gptvip.chat/images/plant/model/v4/gold/Crop_144_3.png
超变果实,/items/17,1040144,黄金·七里香,4,4,大叶子,3600,plant/model/v4/gold/Crop_144_4.png,https://jsq.gptvip.chat/images/plant/model/v4/gold/Crop_144_4.png
超变果实,/items/17,1040144,黄金·七里香,5,5,初熟,3600,plant/model/v4/gold/Crop_144_5.png,https://jsq.gptvip.chat/images/plant/model/v4/gold/Crop_144_5.png
超变果实,/items/17,1040144,黄金·七里香,6,6,成熟,0,plant/model/v4/gold/Crop_144_6.png,https://jsq.gptvip.chat/images/plant/model/v4/gold/Crop_144_6.png
超变果实,/items/17,1040154,黄金·月桂花,1,Seed,种子,2400,plant/model/v4/gold/Crop_154_Seed.png,https://jsq.gptvip.chat/images/plant/model/v4/gold/Crop_154_Seed.png
超变果实,/items/17,1040154,黄金·月桂花,2,2,发芽,2400,plant/model/v4/gold/Crop_154_2.png,https://jsq.gptvip.chat/images/plant/model/v4/gold/Crop_154_2.png
超变果实,/items/17,1040154,黄金·月桂花,3,3,小叶子,2400,plant/model/v4/gold/Crop_154_3.png,https://jsq.gptvip.chat/images/plant/model/v4/gold/Crop_154_3.png
超变果实,/items/17,1040154,黄金·月桂花,4,4,大叶子,3600,plant/model/v4/gold/Crop_154_4.png,https://jsq.gptvip.chat/images/plant/model/v4/gold/Crop_154_4.png
超变果实,/items/17,1040154,黄金·月桂花,5,5,花蕾,3600,plant/model/v4/gold/Crop_154_5.png,https://jsq.gptvip.chat/images/plant/model/v4/gold/Crop_154_5.png
超变果实,/items/17,1040154,黄金·月桂花,6,6,开花,0,plant/model/v4/gold/Crop_154_6.png,https://jsq.gptvip.chat/images/plant/model/v4/gold/Crop_154_6.png
超变果实,/items/17,1040263,黄金·天竺葵,1,Seed,种子,4800,plant/model/v4/gold/Crop_263_Seed.png,https://jsq.gptvip.chat/images/plant/model/v4/gold/Crop_263_Seed.png
超变果实,/items/17,1040263,黄金·天竺葵,2,2,发芽,4800,plant/model/v4/gold/Crop_263_2.png,https://jsq.gptvip.chat/images/plant/model/v4/gold/Crop_263_2.png
超变果实,/items/17,1040263,黄金·天竺葵,3,3,小叶,4800,plant/model/v4/gold/Crop_263_3.png,https://jsq.gptvip.chat/images/plant/model/v4/gold/Crop_263_3.png
超变果实,/items/17,1040263,黄金·天竺葵,4,4,大叶,7200,plant/model/v4/gold/Crop_263_4.png,https://jsq.gptvip.chat/images/plant/model/v4/gold/Crop_263_4.png
超变果实,/items/17,1040263,黄金·天竺葵,5,5,花蕾,7200,plant/model/v4/gold/Crop_263_5.png,https://jsq.gptvip.chat/images/plant/model/v4/gold/Crop_263_5.png
超变果实,/items/17,1040263,黄金·天竺葵,6,6,开花,0,plant/model/v4/gold/Crop_263_6.png,https://jsq.gptvip.chat/images/plant/model/v4/gold/Crop_263_6.png
超变果实,/items/17,1040269,黄金·桔梗花,1,Seed,种子,4800,plant/model/v4/gold/Crop_269_Seed.png,https://jsq.gptvip.chat/images/plant/model/v4/gold/Crop_269_Seed.png
超变果实,/items/17,1040269,黄金·桔梗花,2,2,发芽,4800,plant/model/v4/gold/Crop_269_2.png,https://jsq.gptvip.chat/images/plant/model/v4/gold/Crop_269_2.png
超变果实,/items/17,1040269,黄金·桔梗花,3,3,小叶子,4800,plant/model/v4/gold/Crop_269_3.png,https://jsq.gptvip.chat/images/plant/model/v4/gold/Crop_269_3.png
超变果实,/items/17,1040269,黄金·桔梗花,4,4,大叶子,7200,plant/model/v4/gold/Crop_269_4.png,https://jsq.gptvip.chat/images/plant/model/v4/gold/Crop_269_4.png
超变果实,/items/17,1040269,黄金·桔梗花,5,5,开花,7200,plant/model/v4/gold/Crop_269_5.png,https://jsq.gptvip.chat/images/plant/model/v4/gold/Crop_269_5.png
超变果实,/items/17,1040269,黄金·桔梗花,6,6,成熟,0,plant/model/v4/gold/Crop_269_6.png,https://jsq.gptvip.chat/images/plant/model/v4/gold/Crop_269_6.png
超变果实,/items/17,1040199,黄金·石莲花,1,Seed,种子,2400,plant/model/v4/gold/Crop_199_Seed.png,https://jsq.gptvip.chat/images/plant/model/v4/gold/Crop_199_Seed.png
超变果实,/items/17,1040199,黄金·石莲花,2,2,发芽,2400,plant/model/v4/gold/Crop_199_2.png,https://jsq.gptvip.chat/images/plant/model/v4/gold/Crop_199_2.png
超变果实,/items/17,1040199,黄金·石莲花,3,3,小叶子,2400,plant/model/v4/gold/Crop_199_3.png,https://jsq.gptvip.chat/images/plant/model/v4/gold/Crop_199_3.png
超变果实,/items/17,1040199,黄金·石莲花,4,4,大叶子,3600,plant/model/v4/gold/Crop_199_4.png,https://jsq.gptvip.chat/images/plant/model/v4/gold/Crop_199_4.png
超变果实,/items/17,1040199,黄金·石莲花,5,5,初熟,3600,plant/model/v4/gold/Crop_199_5.png,https://jsq.gptvip.chat/images/plant/model/v4/gold/Crop_199_5.png
超变果实,/items/17,1040199,黄金·石莲花,6,6,成熟,0,plant/model/v4/gold/Crop_199_6.png,https://jsq.gptvip.chat/images/plant/model/v4/gold/Crop_199_6.png
超变果实,/items/17,1040262,黄金·帝王花,1,Seed,种子,4800,plant/model/v4/gold/Crop_262_Seed.png,https://jsq.gptvip.chat/images/plant/model/v4/gold/Crop_262_Seed.png
超变果实,/items/17,1040262,黄金·帝王花,2,2,发芽,4800,plant/model/v4/gold/Crop_262_2.png,https://jsq.gptvip.chat/images/plant/model/v4/gold/Crop_262_2.png
超变果实,/items/17,1040262,黄金·帝王花,3,3,小叶子,4800,plant/model/v4/gold/Crop_262_3.png,https://jsq.gptvip.chat/images/plant/model/v4/gold/Crop_262_3.png
超变果实,/items/17,1040262,黄金·帝王花,4,4,大叶子,7200,plant/model/v4/gold/Crop_262_4.png,https://jsq.gptvip.chat/images/plant/model/v4/gold/Crop_262_4.png
超变果实,/items/17,1040262,黄金·帝王花,5,5,花蕾,7200,plant/model/v4/gold/Crop_262_5.png,https://jsq.gptvip.chat/images/plant/model/v4/gold/Crop_262_5.png
超变果实,/items/17,1040262,黄金·帝王花,6,6,盛开,0,plant/model/v4/gold/Crop_262_6.png,https://jsq.gptvip.chat/images/plant/model/v4/gold/Crop_262_6.png
超变果实,/items/17,1040223,黄金·夏蜡梅,1,Seed,种子,8640,plant/model/v4/gold/Crop_223_Seed.png,https://jsq.gptvip.chat/images/plant/model/v4/gold/Crop_223_Seed.png
超变果实,/items/17,1040223,黄金·夏蜡梅,2,2,发芽,8640,plant/model/v4/gold/Crop_223_2.png,https://jsq.gptvip.chat/images/plant/model/v4/gold/Crop_223_2.png
超变果实,/items/17,1040223,黄金·夏蜡梅,3,3,小叶子,8640,plant/model/v4/gold/Crop_223_3.png,https://jsq.gptvip.chat/images/plant/model/v4/gold/Crop_223_3.png
超变果实,/items/17,1040223,黄金·夏蜡梅,4,4,大叶子,8640,plant/model/v4/gold/Crop_223_4.png,https://jsq.gptvip.chat/images/plant/model/v4/gold/Crop_223_4.png
超变果实,/items/17,1040223,黄金·夏蜡梅,5,5,花蕾,8640,plant/model/v4/gold/Crop_223_5.png,https://jsq.gptvip.chat/images/plant/model/v4/gold/Crop_223_5.png
超变果实,/items/17,1040223,黄金·夏蜡梅,6,6,盛开,0,plant/model/v4/gold/Crop_223_6.png,https://jsq.gptvip.chat/images/plant/model/v4/gold/Crop_223_6.png
超变果实,/items/17,1040185,黄金·似何莲,1,Seed,种子,8640,plant/model/v4/gold/Crop_185_Seed.png,https://jsq.gptvip.chat/images/plant/model/v4/gold/Crop_185_Seed.png
超变果实,/items/17,1040185,黄金·似何莲,2,2,发芽,8640,plant/model/v4/gold/Crop_185_2.png,https://jsq.gptvip.chat/images/plant/model/v4/gold/Crop_185_2.png
超变果实,/items/17,1040185,黄金·似何莲,3,3,小叶子,8640,plant/model/v4/gold/Crop_185_3.png,https://jsq.gptvip.chat/images/plant/model/v4/gold/Crop_185_3.png
超变果实,/items/17,1040185,黄金·似何莲,4,4,大叶子,8640,plant/model/v4/gold/Crop_185_4.png,https://jsq.gptvip.chat/images/plant/model/v4/gold/Crop_185_4.png
超变果实,/items/17,1040185,黄金·似何莲,5,5,花蕾,8640,plant/model/v4/gold/Crop_185_5.png,https://jsq.gptvip.chat/images/plant/model/v4/gold/Crop_185_5.png
超变果实,/items/17,1040185,黄金·似何莲,6,6,盛开,0,plant/model/v4/gold/Crop_185_6.png,https://jsq.gptvip.chat/images/plant/model/v4/gold/Crop_185_6.png
超变果实,/items/17,1040267,黄金·地涌金莲,1,Seed,种子,8640,plant/model/v4/gold/Crop_267_Seed.png,https://jsq.gptvip.chat/images/plant/model/v4/gold/Crop_267_Seed.png
超变果实,/items/17,1040267,黄金·地涌金莲,2,2,发芽,8640,plant/model/v4/gold/Crop_267_2.png,https://jsq.gptvip.chat/images/plant/model/v4/gold/Crop_267_2.png
超变果实,/items/17,1040267,黄金·地涌金莲,3,3,小叶子,8640,plant/model/v4/gold/Crop_267_3.png,https://jsq.gptvip.chat/images/plant/model/v4/gold/Crop_267_3.png
超变果实,/items/17,1040267,黄金·地涌金莲,4,4,大叶子,8640,plant/model/v4/gold/Crop_267_4.png,https://jsq.gptvip.chat/images/plant/model/v4/gold/Crop_267_4.png
超变果实,/items/17,1040267,黄金·地涌金莲,5,5,花蕾,8640,plant/model/v4/gold/Crop_267_5.png,https://jsq.gptvip.chat/images/plant/model/v4/gold/Crop_267_5.png
超变果实,/items/17,1040267,黄金·地涌金莲,6,6,盛开,0,plant/model/v4/gold/Crop_267_6.png,https://jsq.gptvip.chat/images/plant/model/v4/gold/Crop_267_6.png
超变果实,/items/17,1040133,黄金·凤仙花,1,Seed,种子,8640,plant/model/v4/gold/Crop_133_Seed.png,https://jsq.gptvip.chat/images/plant/model/v4/gold/Crop_133_Seed.png
超变果实,/items/17,1040133,黄金·凤仙花,2,2,发芽,8640,plant/model/v4/gold/Crop_133_2.png,https://jsq.gptvip.chat/images/plant/model/v4/gold/Crop_133_2.png
超变果实,/items/17,1040133,黄金·凤仙花,3,3,小叶子,8640,plant/model/v4/gold/Crop_133_3.png,https://jsq.gptvip.chat/images/plant/model/v4/gold/Crop_133_3.png
超变果实,/items/17,1040133,黄金·凤仙花,4,4,大叶子,8640,plant/model/v4/gold/Crop_133_4.png,https://jsq.gptvip.chat/images/plant/model/v4/gold/Crop_133_4.png
超变果实,/items/17,1040133,黄金·凤仙花,5,5,花蕾,8640,plant/model/v4/gold/Crop_133_5.png,https://jsq.gptvip.chat/images/plant/model/v4/gold/Crop_133_5.png
超变果实,/items/17,1040133,黄金·凤仙花,6,6,盛开,0,plant/model/v4/gold/Crop_133_6.png,https://jsq.gptvip.chat/images/plant/model/v4/gold/Crop_133_6.png
超变果实,/items/17,1040176,黄金·金银花,1,Seed,种子,8640,plant/model/v4/gold/Crop_176_Seed.png,https://jsq.gptvip.chat/images/plant/model/v4/gold/Crop_176_Seed.png
超变果实,/items/17,1040176,黄金·金银花,2,2,发芽,8640,plant/model/v4/gold/Crop_176_2.png,https://jsq.gptvip.chat/images/plant/model/v4/gold/Crop_176_2.png
超变果实,/items/17,1040176,黄金·金银花,3,3,小叶子,8640,plant/model/v4/gold/Crop_176_3.png,https://jsq.gptvip.chat/images/plant/model/v4/gold/Crop_176_3.png
超变果实,/items/17,1040176,黄金·金银花,4,4,大叶子,8640,plant/model/v4/gold/Crop_176_4.png,https://jsq.gptvip.chat/images/plant/model/v4/gold/Crop_176_4.png
超变果实,/items/17,1040176,黄金·金银花,5,5,花蕾,8640,plant/model/v4/gold/Crop_176_5.png,https://jsq.gptvip.chat/images/plant/model/v4/gold/Crop_176_5.png
超变果实,/items/17,1040176,黄金·金银花,6,6,盛开,0,plant/model/v4/gold/Crop_176_6.png,https://jsq.gptvip.chat/images/plant/model/v4/gold/Crop_176_6.png
超变果实,/items/17,1040186,黄金·米兰,1,Seed,种子,8640,plant/model/v4/gold/Crop_186_Seed.png,https://jsq.gptvip.chat/images/plant/model/v4/gold/Crop_186_Seed.png
超变果实,/items/17,1040186,黄金·米兰,2,2,发芽,8640,plant/model/v4/gold/Crop_186_2.png,https://jsq.gptvip.chat/images/plant/model/v4/gold/Crop_186_2.png
超变果实,/items/17,1040186,黄金·米兰,3,3,小叶子,8640,plant/model/v4/gold/Crop_186_3.png,https://jsq.gptvip.chat/images/plant/model/v4/gold/Crop_186_3.png
超变果实,/items/17,1040186,黄金·米兰,4,4,大叶子,8640,plant/model/v4/gold/Crop_186_4.png,https://jsq.gptvip.chat/images/plant/model/v4/gold/Crop_186_4.png
超变果实,/items/17,1040186,黄金·米兰,5,5,花蕾,8640,plant/model/v4/gold/Crop_186_5.png,https://jsq.gptvip.chat/images/plant/model/v4/gold/Crop_186_5.png
超变果实,/items/17,1040186,黄金·米兰,6,6,盛开,0,plant/model/v4/gold/Crop_186_6.png,https://jsq.gptvip.chat/images/plant/model/v4/gold/Crop_186_6.png
超变果实,/items/17,1040251,黄金·鹭草,1,Seed,种子,8640,plant/model/v4/gold/Crop_251_Seed.png,https://jsq.gptvip.chat/images/plant/model/v4/gold/Crop_251_Seed.png
超变果实,/items/17,1040251,黄金·鹭草,2,2,发芽,8640,plant/model/v4/gold/Crop_251_2.png,https://jsq.gptvip.chat/images/plant/model/v4/gold/Crop_251_2.png
超变果实,/items/17,1040251,黄金·鹭草,3,3,小叶子,8640,plant/model/v4/gold/Crop_251_3.png,https://jsq.gptvip.chat/images/plant/model/v4/gold/Crop_251_3.png
超变果实,/items/17,1040251,黄金·鹭草,4,4,大叶子,8640,plant/model/v4/gold/Crop_251_4.png,https://jsq.gptvip.chat/images/plant/model/v4/gold/Crop_251_4.png
超变果实,/items/17,1040251,黄金·鹭草,5,5,花蕾,8640,plant/model/v4/gold/Crop_251_5.png,https://jsq.gptvip.chat/images/plant/model/v4/gold/Crop_251_5.png
超变果实,/items/17,1040251,黄金·鹭草,6,6,盛开,0,plant/model/v4/gold/Crop_251_6.png,https://jsq.gptvip.chat/images/plant/model/v4/gold/Crop_251_6.png
超变果实,/items/17,1041044,黄金·繁星花,1,Seed,种子,8640,plant/model/v4/gold/Crop_1044_Seed.png,https://jsq.gptvip.chat/images/plant/model/v4/gold/Crop_1044_Seed.png
超变果实,/items/17,1041044,黄金·繁星花,2,2,发芽,8640,plant/model/v4/gold/Crop_1044_2.png,https://jsq.gptvip.chat/images/plant/model/v4/gold/Crop_1044_2.png
超变果实,/items/17,1041044,黄金·繁星花,3,3,小叶子,8640,plant/model/v4/gold/Crop_1044_3.png,https://jsq.gptvip.chat/images/plant/model/v4/gold/Crop_1044_3.png
超变果实,/items/17,1041044,黄金·繁星花,4,4,大叶子,8640,plant/model/v4/gold/Crop_1044_4.png,https://jsq.gptvip.chat/images/plant/model/v4/gold/Crop_1044_4.png
超变果实,/items/17,1041044,黄金·繁星花,5,5,花蕾,8640,plant/model/v4/gold/Crop_1044_5.png,https://jsq.gptvip.chat/images/plant/model/v4/gold/Crop_1044_5.png
超变果实,/items/17,1041044,黄金·繁星花,6,6,盛开,0,plant/model/v4/gold/Crop_1044_6.png,https://jsq.gptvip.chat/images/plant/model/v4/gold/Crop_1044_6.png
超变果实,/items/17,1041038,黄金·香彩雀,1,Seed,种子,8640,plant/model/v4/gold/Crop_1038_Seed.png,https://jsq.gptvip.chat/images/plant/model/v4/gold/Crop_1038_Seed.png
超变果实,/items/17,1041038,黄金·香彩雀,2,2,发芽,8640,plant/model/v4/gold/Crop_1038_2.png,https://jsq.gptvip.chat/images/plant/model/v4/gold/Crop_1038_2.png
超变果实,/items/17,1041038,黄金·香彩雀,3,3,小叶子,8640,plant/model/v4/gold/Crop_1038_3.png,https://jsq.gptvip.chat/images/plant/model/v4/gold/Crop_1038_3.png
超变果实,/items/17,1041038,黄金·香彩雀,4,4,大叶子,8640,plant/model/v4/gold/Crop_1038_4.png,https://jsq.gptvip.chat/images/plant/model/v4/gold/Crop_1038_4.png
超变果实,/items/17,1041038,黄金·香彩雀,5,5,花蕾,8640,plant/model/v4/gold/Crop_1038_5.png,https://jsq.gptvip.chat/images/plant/model/v4/gold/Crop_1038_5.png
超变果实,/items/17,1041038,黄金·香彩雀,6,6,盛开,0,plant/model/v4/gold/Crop_1038_6.png,https://jsq.gptvip.chat/images/plant/model/v4/gold/Crop_1038_6.png
超变果实,/items/17,1041474,黄金·荷青花,1,Seed,种子,8640,plant/model/v4/gold/Crop_1474_Seed.png,https://jsq.gptvip.chat/images/plant/model/v4/gold/Crop_1474_Seed.png
超变果实,/items/17,1041474,黄金·荷青花,2,2,发芽,8640,plant/model/v4/gold/Crop_1474_2.png,https://jsq.gptvip.chat/images/plant/model/v4/gold/Crop_1474_2.png
超变果实,/items/17,1041474,黄金·荷青花,3,3,小叶子,8640,plant/model/v4/gold/Crop_1474_3.png,https://jsq.gptvip.chat/images/plant/model/v4/gold/Crop_1474_3.png
超变果实,/items/17,1041474,黄金·荷青花,4,4,大叶子,8640,plant/model/v4/gold/Crop_1474_4.png,https://jsq.gptvip.chat/images/plant/model/v4/gold/Crop_1474_4.png
超变果实,/items/17,1041474,黄金·荷青花,5,5,花蕾,8640,plant/model/v4/gold/Crop_1474_5.png,https://jsq.gptvip.chat/images/plant/model/v4/gold/Crop_1474_5.png
超变果实,/items/17,1041474,黄金·荷青花,6,6,盛开,0,plant/model/v4/gold/Crop_1474_6.png,https://jsq.gptvip.chat/images/plant/model/v4/gold/Crop_1474_6.png
超变果实,/items/17,1040243,黄金·芹叶铁线莲,1,Seed,种子,8640,plant/model/v4/gold/Crop_243_Seed.png,https://jsq.gptvip.chat/images/plant/model/v4/gold/Crop_243_Seed.png
超变果实,/items/17,1040243,黄金·芹叶铁线莲,2,2,发芽,8640,plant/model/v4/gold/Crop_243_2.png,https://jsq.gptvip.chat/images/plant/model/v4/gold/Crop_243_2.png
超变果实,/items/17,1040243,黄金·芹叶铁线莲,3,3,小叶子,8640,plant/model/v4/gold/Crop_243_3.png,https://jsq.gptvip.chat/images/plant/model/v4/gold/Crop_243_3.png
超变果实,/items/17,1040243,黄金·芹叶铁线莲,4,4,大叶子,8640,plant/model/v4/gold/Crop_243_4.png,https://jsq.gptvip.chat/images/plant/model/v4/gold/Crop_243_4.png
超变果实,/items/17,1040243,黄金·芹叶铁线莲,5,5,花蕾,8640,plant/model/v4/gold/Crop_243_5.png,https://jsq.gptvip.chat/images/plant/model/v4/gold/Crop_243_5.png
超变果实,/items/17,1040243,黄金·芹叶铁线莲,6,6,盛开,0,plant/model/v4/gold/Crop_243_6.png,https://jsq.gptvip.chat/images/plant/model/v4/gold/Crop_243_6.png
超变果实,/items/17,1041134,黄金·菖蒲,1,Seed,种子,8640,plant/model/v4/gold/Crop_1134_Seed.png,https://jsq.gptvip.chat/images/plant/model/v4/gold/Crop_1134_Seed.png
超变果实,/items/17,1041134,黄金·菖蒲,2,2,发芽,8640,plant/model/v4/gold/Crop_1134_2.png,https://jsq.gptvip.chat/images/plant/model/v4/gold/Crop_1134_2.png
超变果实,/items/17,1041134,黄金·菖蒲,3,3,小叶子,8640,plant/model/v4/gold/Crop_1134_3.png,https://jsq.gptvip.chat/images/plant/model/v4/gold/Crop_1134_3.png
超变果实,/items/17,1041134,黄金·菖蒲,4,4,大叶子,8640,plant/model/v4/gold/Crop_1134_4.png,https://jsq.gptvip.chat/images/plant/model/v4/gold/Crop_1134_4.png
超变果实,/items/17,1041134,黄金·菖蒲,5,5,花蕾,8640,plant/model/v4/gold/Crop_1134_5.png,https://jsq.gptvip.chat/images/plant/model/v4/gold/Crop_1134_5.png
超变果实,/items/17,1041134,黄金·菖蒲,6,6,盛开,0,plant/model/v4/gold/Crop_1134_6.png,https://jsq.gptvip.chat/images/plant/model/v4/gold/Crop_1134_6.png
超变果实,/items/17,1046127,黄金·凌霄花,1,Seed,种子,8640,plant/model/v4/gold/Crop_6127_Seed.png,https://jsq.gptvip.chat/images/plant/model/v4/gold/Crop_6127_Seed.png
超变果实,/items/17,1046127,黄金·凌霄花,2,2,发芽,8640,plant/model/v4/gold/Crop_6127_2.png,https://jsq.gptvip.chat/images/plant/model/v4/gold/Crop_6127_2.png
超变果实,/items/17,1046127,黄金·凌霄花,3,3,小叶子,8640,plant/model/v4/gold/Crop_6127_3.png,https://jsq.gptvip.chat/images/plant/model/v4/gold/Crop_6127_3.png
超变果实,/items/17,1046127,黄金·凌霄花,4,4,大叶子,8640,plant/model/v4/gold/Crop_6127_4.png,https://jsq.gptvip.chat/images/plant/model/v4/gold/Crop_6127_4.png
超变果实,/items/17,1046127,黄金·凌霄花,5,5,花蕾,8640,plant/model/v4/gold/Crop_6127_5.png,https://jsq.gptvip.chat/images/plant/model/v4/gold/Crop_6127_5.png
超变果实,/items/17,1046127,黄金·凌霄花,6,6,盛开,0,plant/model/v4/gold/Crop_6127_6.png,https://jsq.gptvip.chat/images/plant/model/v4/gold/Crop_6127_6.png
超变果实,/items/17,1046109,黄金·荷花,1,Seed,种子,8640,plant/model/v4/gold/Crop_6109_Seed.png,https://jsq.gptvip.chat/images/plant/model/v4/gold/Crop_6109_Seed.png
超变果实,/items/17,1046109,黄金·荷花,2,2,发芽,8640,plant/model/v4/gold/Crop_6109_2.png,https://jsq.gptvip.chat/images/plant/model/v4/gold/Crop_6109_2.png
超变果实,/items/17,1046109,黄金·荷花,3,3,小叶子,8640,plant/model/v4/gold/Crop_6109_3.png,https://jsq.gptvip.chat/images/plant/model/v4/gold/Crop_6109_3.png
超变果实,/items/17,1046109,黄金·荷花,4,4,大叶子,8640,plant/model/v4/gold/Crop_6109_4.png,https://jsq.gptvip.chat/images/plant/model/v4/gold/Crop_6109_4.png
超变果实,/items/17,1046109,黄金·荷花,5,5,花蕾,8640,plant/model/v4/gold/Crop_6109_5.png,https://jsq.gptvip.chat/images/plant/model/v4/gold/Crop_6109_5.png
超变果实,/items/17,1046109,黄金·荷花,6,6,盛开,0,plant/model/v4/gold/Crop_6109_6.png,https://jsq.gptvip.chat/images/plant/model/v4/gold/Crop_6109_6.png
超变果实,/items/17,1041032,黄金·琉璃宝荷,1,Seed,种子,8640,plant/model/v4/gold/Crop_1032_Seed.png,https://jsq.gptvip.chat/images/plant/model/v4/gold/Crop_1032_Seed.png
超变果实,/items/17,1041032,黄金·琉璃宝荷,2,2,发芽,8640,plant/model/v4/gold/Crop_1032_2.png,https://jsq.gptvip.chat/images/plant/model/v4/gold/Crop_1032_2.png
超变果实,/items/17,1041032,黄金·琉璃宝荷,3,3,小叶子,8640,plant/model/v4/gold/Crop_1032_3.png,https://jsq.gptvip.chat/images/plant/model/v4/gold/Crop_1032_3.png
超变果实,/items/17,1041032,黄金·琉璃宝荷,4,4,大叶子,8640,plant/model/v4/gold/Crop_1032_4.png,https://jsq.gptvip.chat/images/plant/model/v4/gold/Crop_1032_4.png
超变果实,/items/17,1041032,黄金·琉璃宝荷,5,5,花蕾,8640,plant/model/v4/gold/Crop_1032_5.png,https://jsq.gptvip.chat/images/plant/model/v4/gold/Crop_1032_5.png
超变果实,/items/17,1041032,黄金·琉璃宝荷,6,6,盛开,0,plant/model/v4/gold/Crop_1032_6.png,https://jsq.gptvip.chat/images/plant/model/v4/gold/Crop_1032_6.png
超变果实,/items/17,1040167,黄金·欢乐糖果,1,Seed,种子,5760,plant/model/v4/gold/Crop_167_Seed.png,https://jsq.gptvip.chat/images/plant/model/v4/gold/Crop_167_Seed.png
超变果实,/items/17,1040167,黄金·欢乐糖果,2,2,发芽,5760,plant/model/v4/gold/Crop_167_2.png,https://jsq.gptvip.chat/images/plant/model/v4/gold/Crop_167_2.png
超变果实,/items/17,1040167,黄金·欢乐糖果,3,3,小叶子,5760,plant/model/v4/gold/Crop_167_3.png,https://jsq.gptvip.chat/images/plant/model/v4/gold/Crop_167_3.png
超变果实,/items/17,1040167,黄金·欢乐糖果,4,4,大叶子,5760,plant/model/v4/gold/Crop_167_4.png,https://jsq.gptvip.chat/images/plant/model/v4/gold/Crop_167_4.png
超变果实,/items/17,1040167,黄金·欢乐糖果,5,5,开花,5760,plant/model/v4/gold/Crop_167_5.png,https://jsq.gptvip.chat/images/plant/model/v4/gold/Crop_167_5.png
超变果实,/items/17,1040167,黄金·欢乐糖果,6,6,成熟,0,plant/model/v4/gold/Crop_167_6.png,https://jsq.gptvip.chat/images/plant/model/v4/gold/Crop_167_6.png
